Position,U,GNAU,17,10,19,9,7,0,1,6,8,18,11,16,5,2,15,12,13,14,3,4
192,0,64,0,8,0,64,64,0,0,64,0,8,64,0,64,16,128,8,0,0,0,0
193,0,0,0,8,0,0,4,0,0,4,8,0,0,0,0,0,0,0,0,4,0,0
194,0,0,0,0,0,2,2,2,0,0,0,0,0,2,0,0,0,0,2,0,0,0
195,0,0,0,0,0,0,0,0,0,0,0,0,0,0,0,0,0,0,1,0,0,5
196,1,1,1,1,65,1,1,1,1,1,1,65,3,1,65,1,1,33,1,17,37,65
197,4,4,4,4,4,4,4,0,0,4,4,4,4,4,4,32,4,4,4,4,4,32
198,0,0,128,0,0,0,0,0,1,0,0,0,0,0,0,0,0,0,0,128,0,1
199,32,0,32,32,0,40,40,32,32,32,32,0,32,0,32,32,0,0,0,32,32,32
200,64,0,0,64,0,0,0,64,64,0,64,0,0,0,0,64,0,0,0,0,64,64
201,4,0,32,4,0,4,4,4,20,4,4,0,0,8,68,4,0,0,0,32,4,4
202,192,128,192,192,128,200,192,192,192,192,192,128,192,130,192,192,128,194,128,192,64,64
203,32,32,32,32,1,32,32,34,32,32,32,0,32,0,32,32,8,0,0,33,32,32
204,40,0,40,40,32,8,8,40,40,8,8,32,8,32,8,40,32,32,32,40,8,8
205,0,0,128,0,0,0,0,0,0,0,1,0,0,4,0,0,0,4,0,0,0,0
206,128,2,128,128,128,2,0,0,128,0,128,192,2,192,0,128,192,128,128,128,0,0
207,0,0,4,0,4,4,0,0,0,128,0,4,128,4,128,0,0,4,4,0,0,0
208,64,32,64,64,208,0,0,64,64,32,64,196,0,68,0,64,68,144,192,64,16,64
209,32,0,32,32,32,32,32,32,32,32,32,48,32,40,32,32,32,32,40,40,32,32
210,128,8,128,128,128,0,0,128,128,0,128,128,0,144,0,128,128,128,144,128,128,128
211,192,3,194,66,64,64,64,128,128,64,194,64,64,64,64,128,64,70,64,194,130,128
212,1,1,1,1,0,1,1,1,17,1,1,0,0,0,1,17,0,0,0,1,1,1
213,0,0,0,0,0,1,16,0,0,1,0,0,0,0,16,0,0,0,4,0,0,0
214,1,1,1,1,1,1,129,0,1,1,1,3,1,3,1,1,131,3,3,1,0,0
215,1,1,1,1,1,1,1,0,8,1,1,1,1,1,1,8,1,1,1,1,1,8
216,0,0,0,0,4,0,0,0,0,0,0,64,0,0,8,0,0,0,0,0,0,0
217,25,192,25,24,25,24,24,1,17,24,24,25,24,89,24,1,25,25,25,25,25,17
218,66,0,0,66,4,66,66,66,66,66,66,32,74,0,66,66,0,32,4,0,66,98
219,0,0,0,0,0,2,2,2,0,0,0,0,2,0,2,0,0,0,0,0,0,0
220,64,82,64,64,64,96,96,0,0,80,64,64,112,64,48,0,64,64,64,64,0,0
221,64,68,72,64,64,0,0,72,64,0,64,72,0,64,0,64,76,72,192,64,64,64
222,2,2,0,2,4,2,2,2,2,2,2,0,0,0,2,2,0,0,64,0,2,2
223,16,16,16,16,80,0,0,16,16,0,16,16,0,16,0,16,16,16,16,16,16,16
