ensembl_id,log2FC,padj,comp_name
ENSG00000135919,1.088,1.27901214773474e-90,ENSG00000135919_amide
ENSG00000017797,1.991,1.5931203038414e-89,ENSG00000017797_amide
ENSG00000112308,1.047,4.36005983538554e-71,ENSG00000112308_amide
ENSG00000152952,1.109,6.10157012148843e-69,ENSG00000152952_amide
ENSG00000101935,1.201,2.18781249727749e-68,ENSG00000101935_amide
ENSG00000151414,0.931,3.95391273343835e-66,ENSG00000151414_amide
ENSG00000069956,-1.05,2.0636272577072e-52,ENSG00000069956_amide
ENSG00000115170,-1.292,2.83946977321162e-48,ENSG00000115170_amide
ENSG00000165832,1.653,4.1329751596826095e-42,ENSG00000165832_amide
ENSG00000173674,1.221,1.16541427437488e-41,ENSG00000173674_amide
ENSG00000153904,1.157,1.26364824694893e-41,ENSG00000153904_amide
ENSG00000143514,1.12,1.6747579451830198e-40,ENSG00000143514_amide
ENSG00000116138,-1.152,2.04734979804674e-38,ENSG00000116138_amide
ENSG00000069869,0.984,6.14574103753793e-38,ENSG00000069869_amide
ENSG00000165156,1.095,6.6959360434368e-38,ENSG00000165156_amide
ENSG00000025800,0.667,2.32880930742193e-37,ENSG00000025800_amide
ENSG00000177119,-0.832,5.897209900322139e-36,ENSG00000177119_amide
ENSG00000152291,0.854,2.6418928462121803e-35,ENSG00000152291_amide
ENSG00000136485,0.926,6.97877691851628e-35,ENSG00000136485_amide
ENSG00000102158,0.769,9.72441205732314e-34,ENSG00000102158_amide
ENSG00000205336,0.674,1.41200915925092e-28,ENSG00000205336_amide
ENSG00000101974,0.883,2.69530403998843e-28,ENSG00000101974_amide
ENSG00000094975,0.855,1.27305183361697e-27,ENSG00000094975_amide
ENSG00000130147,0.948,6.77673129293481e-27,ENSG00000130147_amide
ENSG00000083642,0.766,7.21086275770927e-27,ENSG00000083642_amide
ENSG00000162704,1.011,7.21086275770927e-27,ENSG00000162704_amide
ENSG00000196642,0.936,1.01794055264592e-26,ENSG00000196642_amide
ENSG00000009335,0.778,1.04823914254811e-26,ENSG00000009335_amide
ENSG00000118900,0.886,1.27846801691357e-26,ENSG00000118900_amide
ENSG00000112697,0.727,1.8663393991579002e-26,ENSG00000112697_amide
ENSG00000111145,0.758,2.31347730077066e-26,ENSG00000111145_amide
ENSG00000136261,0.972,3.02042725561182e-26,ENSG00000136261_amide
ENSG00000165102,-0.972,6.42859889476046e-26,ENSG00000165102_amide
ENSG00000058272,0.7,4.49786594287291e-25,ENSG00000058272_amide
ENSG00000197147,1.225,5.42099395186803e-25,ENSG00000197147_amide
ENSG00000147202,0.981,6.37780822573245e-25,ENSG00000147202_amide
ENSG00000123091,-0.8,7.31657855702951e-25,ENSG00000123091_amide
ENSG00000011198,-0.81,1.89442574207797e-24,ENSG00000011198_amide
ENSG00000108691,0.672,2.8118815446266996e-23,ENSG00000108691_amide
ENSG00000090905,-0.574,1.0021388861459899e-22,ENSG00000090905_amide
ENSG00000070814,0.802,1.88623028453807e-22,ENSG00000070814_amide
ENSG00000137713,1.287,2.67533229362366e-22,ENSG00000137713_amide
ENSG00000082153,0.738,6.124052497004529e-22,ENSG00000082153_amide
ENSG00000136244,0.644,1.13253622945111e-21,ENSG00000136244_amide
ENSG00000051382,-1.327,1.42237383232504e-21,ENSG00000051382_amide
ENSG00000102189,0.785,1.82093028819236e-21,ENSG00000102189_amide
ENSG00000247556,0.624,1.824769495631e-21,ENSG00000247556_amide
ENSG00000150938,0.552,2.51740110720942e-21,ENSG00000150938_amide
ENSG00000106683,-0.63,2.95325058222343e-21,ENSG00000106683_amide
ENSG00000147649,0.591,1.0377435682784701e-20,ENSG00000147649_amide
ENSG00000114166,1.179,1.0377435682784701e-20,ENSG00000114166_amide
ENSG00000137965,0.838,2.6764762010513302e-20,ENSG00000137965_amide
ENSG00000165476,0.626,1.35720493045763e-19,ENSG00000165476_amide
ENSG00000084112,0.652,1.9882399967478202e-19,ENSG00000084112_amide
ENSG00000100292,-0.817,5.18757969093742e-19,ENSG00000100292_amide
ENSG00000115977,0.691,6.0063427978107e-19,ENSG00000115977_amide
ENSG00000164284,-0.601,9.203832721696521e-19,ENSG00000164284_amide
ENSG00000071967,-0.693,1.05733404598454e-18,ENSG00000071967_amide
ENSG00000153250,0.482,1.05733404598454e-18,ENSG00000153250_amide
ENSG00000141424,0.54,1.24112525995543e-18,ENSG00000141424_amide
ENSG00000143437,0.667,2.24085669379575e-18,ENSG00000143437_amide
ENSG00000145604,-0.513,2.42167694663387e-18,ENSG00000145604_amide
ENSG00000117758,-1.145,2.70982393862196e-18,ENSG00000117758_amide
ENSG00000141027,0.541,5.08145454909318e-18,ENSG00000141027_amide
ENSG00000147862,0.487,5.64434011774897e-18,ENSG00000147862_amide
ENSG00000010270,0.885,7.85348585852563e-18,ENSG00000010270_amide
ENSG00000102931,0.961,8.339776506380801e-18,ENSG00000102931_amide
ENSG00000150712,0.52,9.302523920317029e-18,ENSG00000150712_amide
ENSG00000179855,0.82,1.22442117132836e-17,ENSG00000179855_amide
ENSG00000180398,-0.515,1.2875698527356701e-17,ENSG00000180398_amide
ENSG00000189159,0.868,1.2875698527356701e-17,ENSG00000189159_amide
ENSG00000072803,-0.653,1.43983258661492e-17,ENSG00000072803_amide
ENSG00000132002,0.457,1.80331170521341e-17,ENSG00000132002_amide
ENSG00000179295,-0.547,5.75183687458681e-17,ENSG00000179295_amide
ENSG00000167460,0.442,6.60175145804717e-17,ENSG00000167460_amide
ENSG00000163428,-0.503,9.83120170883989e-17,ENSG00000163428_amide
ENSG00000159658,0.692,1.0186766222574001e-16,ENSG00000159658_amide
ENSG00000087502,0.634,1.30757021629672e-16,ENSG00000087502_amide
ENSG00000197712,0.856,1.32316970724327e-16,ENSG00000197712_amide
ENSG00000186480,0.811,1.44555344603497e-16,ENSG00000186480_amide
ENSG00000144228,1.002,1.74068592541735e-16,ENSG00000144228_amide
ENSG00000140265,-0.81,2.49536815908297e-16,ENSG00000140265_amide
ENSG00000139645,0.48,2.49536815908297e-16,ENSG00000139645_amide
ENSG00000003436,0.455,2.49960406219946e-16,ENSG00000003436_amide
ENSG00000104312,0.972,4.0282525734364e-16,ENSG00000104312_amide
ENSG00000110092,-0.757,5.86986157535478e-16,ENSG00000110092_amide
ENSG00000186298,-0.53,6.09912721337505e-16,ENSG00000186298_amide
ENSG00000135048,0.601,1.1770454474148601e-15,ENSG00000135048_amide
ENSG00000139722,0.955,1.1770454474148601e-15,ENSG00000139722_amide
ENSG00000169429,0.76,1.4871830949012402e-15,ENSG00000169429_amide
ENSG00000115008,0.803,1.5578032383908401e-15,ENSG00000115008_amide
ENSG00000163527,0.445,1.6194383539687401e-15,ENSG00000163527_amide
ENSG00000181789,-0.536,1.7231816612378202e-15,ENSG00000181789_amide
ENSG00000101350,0.52,1.87574835822567e-15,ENSG00000101350_amide
ENSG00000151233,0.854,2.34806408872249e-15,ENSG00000151233_amide
ENSG00000206418,0.882,2.90268159305766e-15,ENSG00000206418_amide
ENSG00000117525,-0.663,2.9062936684742202e-15,ENSG00000117525_amide
ENSG00000198668,0.637,5.20450853078413e-15,ENSG00000198668_amide
ENSG00000114573,0.597,7.335173167575051e-15,ENSG00000114573_amide
ENSG00000260804,1.514,9.348159662501621e-15,ENSG00000260804_amide
ENSG00000272886,-0.572,1.32778300472196e-14,ENSG00000272886_amide
ENSG00000107263,0.64,1.5169123237884e-14,ENSG00000107263_amide
ENSG00000128923,-0.745,1.5255015516479302e-14,ENSG00000128923_amide
ENSG00000167881,0.697,2.20749523161103e-14,ENSG00000167881_amide
ENSG00000131747,0.656,2.3841505326459802e-14,ENSG00000131747_amide
ENSG00000116128,-0.693,2.45001362156765e-14,ENSG00000116128_amide
ENSG00000166263,-0.875,2.9096078120958904e-14,ENSG00000166263_amide
ENSG00000134287,-0.515,3.8496436461769e-14,ENSG00000134287_amide
ENSG00000153944,-0.472,3.91966498982318e-14,ENSG00000153944_amide
ENSG00000136381,0.603,4.2772132188688604e-14,ENSG00000136381_amide
ENSG00000164983,-0.81,1.32976199701507e-13,ENSG00000164983_amide
ENSG00000125686,-0.501,1.7266607823258e-13,ENSG00000125686_amide
ENSG00000169446,-0.55,2.42408691411578e-13,ENSG00000169446_amide
ENSG00000105810,-0.513,3.27407232184849e-13,ENSG00000105810_amide
ENSG00000112096,0.53,3.3827304769410997e-13,ENSG00000112096_amide
ENSG00000052802,0.645,4.55402494929327e-13,ENSG00000052802_amide
ENSG00000119125,-0.508,5.00602340201251e-13,ENSG00000119125_amide
ENSG00000075945,0.927,5.36917305629163e-13,ENSG00000075945_amide
ENSG00000123146,0.607,5.97235589211697e-13,ENSG00000123146_amide
ENSG00000109572,0.665,7.57160234082931e-13,ENSG00000109572_amide
ENSG00000109436,0.707,9.00731878102534e-13,ENSG00000109436_amide
ENSG00000075568,0.529,1.0131084324451599e-12,ENSG00000075568_amide
ENSG00000106484,-0.559,1.1239128527149399e-12,ENSG00000106484_amide
ENSG00000101849,0.586,1.27006996837696e-12,ENSG00000101849_amide
ENSG00000134070,0.49,1.35794482213219e-12,ENSG00000134070_amide
ENSG00000153317,-0.521,1.5336319934568698e-12,ENSG00000153317_amide
ENSG00000065809,0.596,1.5336319934568698e-12,ENSG00000065809_amide
ENSG00000121481,0.931,1.96839075263296e-12,ENSG00000121481_amide
ENSG00000140157,0.546,2.05366307199591e-12,ENSG00000140157_amide
ENSG00000162769,-0.718,2.07217182606754e-12,ENSG00000162769_amide
ENSG00000115232,1.138,2.14684889707262e-12,ENSG00000115232_amide
ENSG00000143442,-0.581,2.31878654258755e-12,ENSG00000143442_amide
ENSG00000144810,0.778,2.7657463177345398e-12,ENSG00000144810_amide
ENSG00000189266,-0.546,3.7026958018668695e-12,ENSG00000189266_amide
ENSG00000035403,0.414,4.08885840303186e-12,ENSG00000035403_amide
ENSG00000119396,0.53,4.1348423453818e-12,ENSG00000119396_amide
ENSG00000150867,-0.561,6.57521313833763e-12,ENSG00000150867_amide
ENSG00000115762,-0.734,7.44627994018855e-12,ENSG00000115762_amide
ENSG00000087274,0.477,7.47049908037748e-12,ENSG00000087274_amide
ENSG00000129317,-0.61,7.97321569874575e-12,ENSG00000129317_amide
ENSG00000119335,-0.419,7.97321569874575e-12,ENSG00000119335_amide
ENSG00000180979,-0.872,8.98913175507936e-12,ENSG00000180979_amide
ENSG00000114383,-1.03,1.0817416064166099e-11,ENSG00000114383_amide
ENSG00000172572,0.338,1.3425308060185698e-11,ENSG00000172572_amide
ENSG00000144560,0.666,1.4124846239262898e-11,ENSG00000144560_amide
ENSG00000148572,0.968,1.52858940627962e-11,ENSG00000148572_amide
ENSG00000028203,0.626,1.62533382448857e-11,ENSG00000028203_amide
ENSG00000136999,-0.61,1.7238037582139198e-11,ENSG00000136999_amide
ENSG00000185215,0.443,1.9278510082588898e-11,ENSG00000185215_amide
ENSG00000162129,-0.53,2.0178086940774e-11,ENSG00000162129_amide
ENSG00000118985,0.394,2.1073249491613597e-11,ENSG00000118985_amide
ENSG00000144566,-0.485,2.3939885662623497e-11,ENSG00000144566_amide
ENSG00000164442,-0.671,2.6223021027204697e-11,ENSG00000164442_amide
ENSG00000197930,-0.584,2.6223021027204697e-11,ENSG00000197930_amide
ENSG00000150756,0.707,2.78364363219072e-11,ENSG00000150756_amide
ENSG00000145907,-0.453,2.9978412018956495e-11,ENSG00000145907_amide
ENSG00000115084,0.511,3.13808408466186e-11,ENSG00000115084_amide
ENSG00000172575,-1.012,3.2038481713253e-11,ENSG00000172575_amide
ENSG00000071054,0.534,4.38293445450336e-11,ENSG00000071054_amide
ENSG00000068366,0.447,4.4574710711314e-11,ENSG00000068366_amide
ENSG00000107341,-0.362,5.911402286636559e-11,ENSG00000107341_amide
ENSG00000138685,0.47,6.020636606829719e-11,ENSG00000138685_amide
ENSG00000052723,-0.565,8.94333664632752e-11,ENSG00000052723_amide
ENSG00000180182,-0.522,9.122150953107619e-11,ENSG00000180182_amide
ENSG00000108064,-0.734,1.08228474757381e-10,ENSG00000108064_amide
ENSG00000023171,0.454,1.14753531225422e-10,ENSG00000023171_amide
ENSG00000142166,0.455,1.17812136153391e-10,ENSG00000142166_amide
ENSG00000137941,0.633,1.28673292190531e-10,ENSG00000137941_amide
ENSG00000164023,0.509,1.4044360063636002e-10,ENSG00000164023_amide
ENSG00000159873,0.504,1.70770109462681e-10,ENSG00000159873_amide
ENSG00000144029,0.839,1.74489700151413e-10,ENSG00000144029_amide
ENSG00000162104,0.447,2.65252093219632e-10,ENSG00000162104_amide
ENSG00000101182,0.684,3.7826663512113603e-10,ENSG00000101182_amide
ENSG00000115935,0.47,4.20110089673888e-10,ENSG00000115935_amide
ENSG00000122376,0.578,5.72456047026548e-10,ENSG00000122376_amide
ENSG00000159322,-0.575,6.38467615367902e-10,ENSG00000159322_amide
ENSG00000140406,-0.609,7.15149370738566e-10,ENSG00000140406_amide
ENSG00000103429,0.572,8.06972902960587e-10,ENSG00000103429_amide
ENSG00000177058,0.693,8.21530129823803e-10,ENSG00000177058_amide
ENSG00000264364,-0.568,8.38530781846937e-10,ENSG00000264364_amide
ENSG00000184207,0.843,9.8344344500854e-10,ENSG00000184207_amide
ENSG00000185900,0.717,1.09682814219004e-09,ENSG00000185900_amide
ENSG00000166326,-0.39,1.1324636719099e-09,ENSG00000166326_amide
ENSG00000120889,0.522,1.1688325228403701e-09,ENSG00000120889_amide
ENSG00000092853,0.467,1.18318272260692e-09,ENSG00000092853_amide
ENSG00000175130,-0.745,1.39455520119838e-09,ENSG00000175130_amide
ENSG00000183283,-0.386,1.39455520119838e-09,ENSG00000183283_amide
ENSG00000137492,0.528,1.4112611256324802e-09,ENSG00000137492_amide
ENSG00000113569,0.297,1.7080709002521802e-09,ENSG00000113569_amide
ENSG00000148175,-0.376,2.0127197759448e-09,ENSG00000148175_amide
ENSG00000183741,0.64,2.2736616677608303e-09,ENSG00000183741_amide
ENSG00000138757,0.426,2.84909881716138e-09,ENSG00000138757_amide
ENSG00000145685,0.495,2.84909881716138e-09,ENSG00000145685_amide
ENSG00000164171,0.503,3.0716240442004504e-09,ENSG00000164171_amide
ENSG00000140199,-0.519,3.1214680898044904e-09,ENSG00000140199_amide
ENSG00000100030,0.369,3.1214680898044904e-09,ENSG00000100030_amide
ENSG00000261609,-0.53,3.40196661202854e-09,ENSG00000261609_amide
ENSG00000116285,0.551,3.7108780002265504e-09,ENSG00000116285_amide
ENSG00000177888,-0.501,4.101218492734011e-09,ENSG00000177888_amide
ENSG00000115020,-0.382,4.46314874855724e-09,ENSG00000115020_amide
ENSG00000242485,-0.552,4.50309566588722e-09,ENSG00000242485_amide
ENSG00000149289,0.546,4.765848417406251e-09,ENSG00000149289_amide
ENSG00000147475,0.594,5.37642897828589e-09,ENSG00000147475_amide
ENSG00000197702,-0.38,6.27345551332441e-09,ENSG00000197702_amide
ENSG00000111412,-0.519,6.76171497207419e-09,ENSG00000111412_amide
ENSG00000123908,0.429,7.2909176993120306e-09,ENSG00000123908_amide
ENSG00000028528,-0.512,7.76336080334702e-09,ENSG00000028528_amide
ENSG00000064666,0.374,7.9589847742061e-09,ENSG00000064666_amide
ENSG00000167767,-0.375,9.311907350718951e-09,ENSG00000167767_amide
ENSG00000184432,0.695,9.311907350718951e-09,ENSG00000184432_amide
ENSG00000055332,-0.41,9.98201865134522e-09,ENSG00000055332_amide
ENSG00000170540,0.369,1.03825960343156e-08,ENSG00000170540_amide
ENSG00000169118,-0.513,1.08172423515424e-08,ENSG00000169118_amide
ENSG00000158417,0.569,1.28359029558899e-08,ENSG00000158417_amide
ENSG00000089876,0.652,1.6814641420489e-08,ENSG00000089876_amide
ENSG00000133056,-0.522,1.68519741109024e-08,ENSG00000133056_amide
ENSG00000144597,-0.511,1.76426802133651e-08,ENSG00000144597_amide
ENSG00000134987,-0.35,1.8013125915656e-08,ENSG00000134987_amide
ENSG00000165244,0.669,1.88824566188197e-08,ENSG00000165244_amide
ENSG00000078140,-0.372,1.94737419630813e-08,ENSG00000078140_amide
ENSG00000153147,0.476,2.49009864748729e-08,ENSG00000153147_amide
ENSG00000143321,-0.326,2.68445485659893e-08,ENSG00000143321_amide
ENSG00000143870,0.346,2.75887968848472e-08,ENSG00000143870_amide
ENSG00000011376,-0.629,2.8616176530295e-08,ENSG00000011376_amide
ENSG00000179119,0.505,3.59236842344898e-08,ENSG00000179119_amide
ENSG00000165699,0.38,3.59606755174664e-08,ENSG00000165699_amide
ENSG00000112378,0.432,3.60774543847222e-08,ENSG00000112378_amide
ENSG00000155090,0.312,3.64418406633647e-08,ENSG00000155090_amide
ENSG00000076108,0.348,3.91589910114864e-08,ENSG00000076108_amide
ENSG00000135250,0.54,4.7813782948005e-08,ENSG00000135250_amide
ENSG00000081320,0.619,5.10911908270494e-08,ENSG00000081320_amide
ENSG00000253719,-0.492,5.12419060665769e-08,ENSG00000253719_amide
ENSG00000122870,0.536,5.61295986451952e-08,ENSG00000122870_amide
ENSG00000113070,0.705,5.71635284334431e-08,ENSG00000113070_amide
ENSG00000123836,0.586,7.45505931064158e-08,ENSG00000123836_amide
ENSG00000198612,0.466,8.74771968066304e-08,ENSG00000198612_amide
ENSG00000111726,0.742,8.7791355093082e-08,ENSG00000111726_amide
ENSG00000104611,0.512,9.2920078518838e-08,ENSG00000104611_amide
ENSG00000017427,1.251,9.89174361983342e-08,ENSG00000017427_amide
ENSG00000163513,-0.421,1.00251213478099e-07,ENSG00000163513_amide
ENSG00000101882,0.925,1.03957770259549e-07,ENSG00000101882_amide
ENSG00000185621,1.157,1.06962490038091e-07,ENSG00000185621_amide
ENSG00000146802,0.761,1.10703357465081e-07,ENSG00000146802_amide
ENSG00000060237,-0.287,1.13828227050319e-07,ENSG00000060237_amide
ENSG00000140943,0.416,1.18898204519101e-07,ENSG00000140943_amide
ENSG00000113441,0.376,1.21236076183914e-07,ENSG00000113441_amide
ENSG00000152270,0.554,1.34623310761945e-07,ENSG00000152270_amide
ENSG00000131473,0.592,1.58588124902282e-07,ENSG00000131473_amide
ENSG00000131378,0.868,1.64047615733073e-07,ENSG00000131378_amide
ENSG00000139168,0.574,1.76470792141442e-07,ENSG00000139168_amide
ENSG00000104765,0.506,1.92743434487203e-07,ENSG00000104765_amide
ENSG00000120137,-0.37,2.07778153115406e-07,ENSG00000120137_amide
ENSG00000180628,-0.361,2.39130619253451e-07,ENSG00000180628_amide
ENSG00000180776,0.457,2.41587084336677e-07,ENSG00000180776_amide
ENSG00000113194,0.327,2.48604116242203e-07,ENSG00000113194_amide
ENSG00000136868,-0.289,2.58267098868076e-07,ENSG00000136868_amide
ENSG00000127920,0.58,2.86074772769699e-07,ENSG00000127920_amide
ENSG00000196678,-0.67,2.86337332782995e-07,ENSG00000196678_amide
ENSG00000140262,0.303,3.07753422988767e-07,ENSG00000140262_amide
ENSG00000155660,0.481,3.07753422988767e-07,ENSG00000155660_amide
ENSG00000172795,0.596,3.08051533446618e-07,ENSG00000172795_amide
ENSG00000185515,0.612,3.08051533446618e-07,ENSG00000185515_amide
ENSG00000186260,-0.406,3.0855624774884e-07,ENSG00000186260_amide
ENSG00000174032,1.274,3.14630654966394e-07,ENSG00000174032_amide
ENSG00000015532,0.651,3.30533183142841e-07,ENSG00000015532_amide
ENSG00000169242,0.603,3.31846619416657e-07,ENSG00000169242_amide
ENSG00000106366,0.379,3.42315048305851e-07,ENSG00000106366_amide
ENSG00000102531,0.269,3.98644328276405e-07,ENSG00000102531_amide
ENSG00000106052,0.46,3.98644328276405e-07,ENSG00000106052_amide
ENSG00000110172,-0.507,4.15093181533683e-07,ENSG00000110172_amide
ENSG00000170385,-0.446,4.20364352140207e-07,ENSG00000170385_amide
ENSG00000085449,-0.433,4.5325540027616e-07,ENSG00000085449_amide
ENSG00000137075,-0.422,4.54231648722539e-07,ENSG00000137075_amide
ENSG00000100335,-0.444,4.61710457078446e-07,ENSG00000100335_amide
ENSG00000151553,-0.428,5.16063951557088e-07,ENSG00000151553_amide
ENSG00000224531,-0.508,5.26515872819622e-07,ENSG00000224531_amide
ENSG00000104442,-0.475,5.71978429063531e-07,ENSG00000104442_amide
ENSG00000119487,0.489,6.03476078592687e-07,ENSG00000119487_amide
ENSG00000163349,-0.292,6.103284864143e-07,ENSG00000163349_amide
ENSG00000198015,-0.374,6.24434976667923e-07,ENSG00000198015_amide
ENSG00000134250,0.356,6.47673214567975e-07,ENSG00000134250_amide
ENSG00000164823,0.567,6.63894716011559e-07,ENSG00000164823_amide
ENSG00000066654,-0.438,6.92592593735582e-07,ENSG00000066654_amide
ENSG00000198732,0.487,7.42028398892404e-07,ENSG00000198732_amide
ENSG00000173918,0.564,7.5962869010801e-07,ENSG00000173918_amide
ENSG00000067064,0.482,8.7364539029614e-07,ENSG00000067064_amide
ENSG00000165891,0.37,9.62520824954254e-07,ENSG00000165891_amide
ENSG00000075218,0.482,9.78517450292984e-07,ENSG00000075218_amide
ENSG00000188811,-0.75,1.03199151821436e-06,ENSG00000188811_amide
ENSG00000112249,-0.284,1.11221870265689e-06,ENSG00000112249_amide
ENSG00000152894,0.416,1.11221870265689e-06,ENSG00000152894_amide
ENSG00000127616,0.603,1.16267658336989e-06,ENSG00000127616_amide
ENSG00000081087,-0.396,1.22866025893614e-06,ENSG00000081087_amide
ENSG00000117318,0.562,1.29565103581636e-06,ENSG00000117318_amide
ENSG00000111817,0.449,1.31048286702869e-06,ENSG00000111817_amide
ENSG00000153066,0.389,1.35843942829171e-06,ENSG00000153066_amide
ENSG00000143473,-0.715,1.44345870867727e-06,ENSG00000143473_amide
ENSG00000164070,-0.43,1.45446496155779e-06,ENSG00000164070_amide
ENSG00000180694,-0.594,1.54355653463621e-06,ENSG00000180694_amide
ENSG00000029725,0.529,1.57850435094284e-06,ENSG00000029725_amide
ENSG00000018408,0.324,1.58408840290926e-06,ENSG00000018408_amide
ENSG00000119661,0.686,1.65646672655303e-06,ENSG00000119661_amide
ENSG00000112149,0.475,1.7275262955508e-06,ENSG00000112149_amide
ENSG00000178695,-0.318,1.78332923795056e-06,ENSG00000178695_amide
ENSG00000116199,0.404,1.78347427645984e-06,ENSG00000116199_amide
ENSG00000197063,0.477,1.84141924976728e-06,ENSG00000197063_amide
ENSG00000115902,0.415,1.99593007270511e-06,ENSG00000115902_amide
ENSG00000105849,0.451,2.01845258283136e-06,ENSG00000105849_amide
ENSG00000102471,-0.457,2.12495179938386e-06,ENSG00000102471_amide
ENSG00000124357,0.663,2.12495179938386e-06,ENSG00000124357_amide
ENSG00000198176,-0.365,2.15057776823679e-06,ENSG00000198176_amide
ENSG00000177425,-0.392,2.19436847211871e-06,ENSG00000177425_amide
ENSG00000185722,-0.319,2.35817041747924e-06,ENSG00000185722_amide
ENSG00000159259,-0.524,2.38964161635104e-06,ENSG00000159259_amide
ENSG00000138756,-0.415,2.50491765037297e-06,ENSG00000138756_amide
ENSG00000183864,0.328,2.70864636182694e-06,ENSG00000183864_amide
ENSG00000165675,0.696,2.80052414322791e-06,ENSG00000165675_amide
ENSG00000068912,0.43,2.80604528231465e-06,ENSG00000068912_amide
ENSG00000153310,-0.314,2.81009607957927e-06,ENSG00000153310_amide
ENSG00000213047,0.591,2.9313919086745e-06,ENSG00000213047_amide
ENSG00000067533,-0.544,3.06930871698157e-06,ENSG00000067533_amide
ENSG00000113384,-0.229,3.06965747930668e-06,ENSG00000113384_amide
ENSG00000035681,-0.413,3.08250196094932e-06,ENSG00000035681_amide
ENSG00000142149,0.551,3.21695821620751e-06,ENSG00000142149_amide
ENSG00000065308,-0.444,3.42620386010932e-06,ENSG00000065308_amide
ENSG00000149547,-0.453,3.65816617589189e-06,ENSG00000149547_amide
ENSG00000110958,0.314,3.98406845717477e-06,ENSG00000110958_amide
ENSG00000166532,0.488,4.07603266271907e-06,ENSG00000166532_amide
ENSG00000135913,-0.357,4.08807876280625e-06,ENSG00000135913_amide
ENSG00000198707,0.707,4.1567278560469e-06,ENSG00000198707_amide
ENSG00000155846,-0.594,4.34740411040635e-06,ENSG00000155846_amide
ENSG00000136854,0.474,4.39474748609263e-06,ENSG00000136854_amide
ENSG00000163739,0.446,4.40318206777701e-06,ENSG00000163739_amide
ENSG00000169604,-0.291,4.46752554719347e-06,ENSG00000169604_amide
ENSG00000272391,-0.307,4.58532646477307e-06,ENSG00000272391_amide
ENSG00000131374,-0.451,4.85176970009448e-06,ENSG00000131374_amide
ENSG00000164294,0.447,4.89399267111807e-06,ENSG00000164294_amide
ENSG00000086061,0.409,5.90583525602613e-06,ENSG00000086061_amide
ENSG00000128789,-0.477,6.40787269952737e-06,ENSG00000128789_amide
ENSG00000205133,0.88,6.40787269952737e-06,ENSG00000205133_amide
ENSG00000066044,0.403,6.48711741120926e-06,ENSG00000066044_amide
ENSG00000147459,-0.272,6.84678627813436e-06,ENSG00000147459_amide
ENSG00000170348,0.244,7.08843958411503e-06,ENSG00000170348_amide
ENSG00000129473,0.649,7.13222108160746e-06,ENSG00000129473_amide
ENSG00000163634,0.466,7.39606476710867e-06,ENSG00000163634_amide
ENSG00000198815,-0.305,7.43294548973311e-06,ENSG00000198815_amide
ENSG00000126012,0.505,7.6279508346805e-06,ENSG00000126012_amide
ENSG00000107443,0.778,7.71937450392797e-06,ENSG00000107443_amide
ENSG00000092201,0.326,7.81420970560089e-06,ENSG00000092201_amide
ENSG00000137693,0.285,7.82587500274845e-06,ENSG00000137693_amide
ENSG00000197081,0.404,8.0941341002769e-06,ENSG00000197081_amide
ENSG00000168078,0.59,8.84912390683025e-06,ENSG00000168078_amide
ENSG00000176853,-0.483,9.3279121987039e-06,ENSG00000176853_amide
ENSG00000021355,0.657,9.69968957566111e-06,ENSG00000021355_amide
ENSG00000072415,-0.427,9.92414122585702e-06,ENSG00000072415_amide
ENSG00000112996,-0.273,9.92414122585702e-06,ENSG00000112996_amide
ENSG00000153113,0.277,1.01322645438496e-05,ENSG00000153113_amide
ENSG00000165417,0.442,1.06153526123793e-05,ENSG00000165417_amide
ENSG00000172059,-0.471,1.06571781061074e-05,ENSG00000172059_amide
ENSG00000111816,-0.611,1.09424901753295e-05,ENSG00000111816_amide
ENSG00000138375,0.557,1.16651223196141e-05,ENSG00000138375_amide
ENSG00000131467,-0.296,1.17501043553264e-05,ENSG00000131467_amide
ENSG00000135052,-0.394,1.18662958090791e-05,ENSG00000135052_amide
ENSG00000196428,0.396,1.23712584921222e-05,ENSG00000196428_amide
ENSG00000197381,-0.398,1.34119142406764e-05,ENSG00000197381_amide
ENSG00000155096,-0.287,1.34201723668495e-05,ENSG00000155096_amide
ENSG00000056586,-0.275,1.36014397524359e-05,ENSG00000056586_amide
ENSG00000013588,-0.285,1.37062405837635e-05,ENSG00000013588_amide
ENSG00000170677,0.362,1.37062405837635e-05,ENSG00000170677_amide
ENSG00000129003,0.346,1.45058391937602e-05,ENSG00000129003_amide
ENSG00000100422,0.403,1.45058391937602e-05,ENSG00000100422_amide
ENSG00000172954,-0.323,1.57449015311798e-05,ENSG00000172954_amide
ENSG00000100554,-0.551,1.59768971607992e-05,ENSG00000100554_amide
ENSG00000143624,0.384,1.64078077921488e-05,ENSG00000143624_amide
ENSG00000115594,0.427,1.66708684774843e-05,ENSG00000115594_amide
ENSG00000084444,-0.666,1.66993773968761e-05,ENSG00000084444_amide
ENSG00000115652,0.617,1.72530646386781e-05,ENSG00000115652_amide
ENSG00000174640,0.533,1.76057688076502e-05,ENSG00000174640_amide
ENSG00000145555,0.382,1.83776718473832e-05,ENSG00000145555_amide
ENSG00000139719,0.727,1.90135398980497e-05,ENSG00000139719_amide
ENSG00000148110,0.357,1.92081961368924e-05,ENSG00000148110_amide
ENSG00000104331,-0.323,1.93000737503446e-05,ENSG00000104331_amide
ENSG00000185551,-0.443,2.02777823269578e-05,ENSG00000185551_amide
ENSG00000023445,0.388,2.0605413144504e-05,ENSG00000023445_amide
ENSG00000138678,-0.739,2.1936690837547e-05,ENSG00000138678_amide
ENSG00000176390,0.579,2.2051497283961e-05,ENSG00000176390_amide
ENSG00000101384,0.372,2.24056381230235e-05,ENSG00000101384_amide
ENSG00000004700,0.412,2.24056381230235e-05,ENSG00000004700_amide
ENSG00000204138,0.359,2.3087497016199e-05,ENSG00000204138_amide
ENSG00000180801,0.372,2.37028985129899e-05,ENSG00000180801_amide
ENSG00000178691,0.359,2.37411275673067e-05,ENSG00000178691_amide
ENSG00000116786,0.574,2.50307458548956e-05,ENSG00000116786_amide
ENSG00000111785,0.644,2.54212441445047e-05,ENSG00000111785_amide
ENSG00000101773,0.401,2.55937301461773e-05,ENSG00000101773_amide
ENSG00000116698,-0.305,2.65657872218699e-05,ENSG00000116698_amide
ENSG00000064313,-0.382,2.70288227256288e-05,ENSG00000064313_amide
ENSG00000145016,0.414,2.81052413211033e-05,ENSG00000145016_amide
ENSG00000175324,0.723,2.83788306217473e-05,ENSG00000175324_amide
ENSG00000075539,0.363,2.90003869391273e-05,ENSG00000075539_amide
ENSG00000136986,0.374,3.05656562892575e-05,ENSG00000136986_amide
ENSG00000168710,0.259,3.11249478389987e-05,ENSG00000168710_amide
ENSG00000117500,-0.318,3.38084619681236e-05,ENSG00000117500_amide
ENSG00000009844,-0.34,3.45698000823433e-05,ENSG00000009844_amide
ENSG00000059804,-0.497,3.47896413984819e-05,ENSG00000059804_amide
ENSG00000073756,0.318,3.48140744527246e-05,ENSG00000073756_amide
ENSG00000275066,0.584,3.6728088435328e-05,ENSG00000275066_amide
ENSG00000139921,-0.368,3.84202445958732e-05,ENSG00000139921_amide
ENSG00000164252,0.69,3.84202445958732e-05,ENSG00000164252_amide
ENSG00000230076,-1.002,3.84780732682786e-05,ENSG00000230076_amide
ENSG00000163946,0.303,3.84780732682786e-05,ENSG00000163946_amide
ENSG00000113658,0.34,3.94067417270103e-05,ENSG00000113658_amide
ENSG00000150459,0.361,3.96433487130563e-05,ENSG00000150459_amide
ENSG00000170961,0.615,4.05140159943297e-05,ENSG00000170961_amide
ENSG00000119414,-0.37,4.11841076269703e-05,ENSG00000119414_amide
ENSG00000168214,-0.355,4.11841076269703e-05,ENSG00000168214_amide
ENSG00000115541,-0.576,4.26901228880101e-05,ENSG00000115541_amide
ENSG00000242265,-0.23,4.43501190087476e-05,ENSG00000242265_amide
ENSG00000119537,0.34,4.46135325039922e-05,ENSG00000119537_amide
ENSG00000105722,-0.308,4.8265677639388e-05,ENSG00000105722_amide
ENSG00000164219,0.462,5.0072997648926e-05,ENSG00000164219_amide
ENSG00000100304,-0.454,5.12494761782745e-05,ENSG00000100304_amide
ENSG00000159023,-0.326,5.43206239087484e-05,ENSG00000159023_amide
ENSG00000155506,-0.218,5.64885305681164e-05,ENSG00000155506_amide
ENSG00000125354,0.527,5.71069810925247e-05,ENSG00000125354_amide
ENSG00000151693,-0.279,5.88386258043144e-05,ENSG00000151693_amide
ENSG00000111328,-0.369,5.89135026799637e-05,ENSG00000111328_amide
ENSG00000117859,-0.259,5.96058398681959e-05,ENSG00000117859_amide
ENSG00000102780,-0.44,6.08214637709358e-05,ENSG00000102780_amide
ENSG00000145901,0.526,6.17493890388067e-05,ENSG00000145901_amide
ENSG00000171316,0.348,6.45043718641131e-05,ENSG00000171316_amide
ENSG00000131016,0.564,6.47538066607411e-05,ENSG00000131016_amide
ENSG00000086200,0.407,6.48532454702846e-05,ENSG00000086200_amide
ENSG00000162735,-0.425,6.56645561887917e-05,ENSG00000162735_amide
ENSG00000127955,-0.416,6.61804835306945e-05,ENSG00000127955_amide
ENSG00000153006,-0.416,6.6912672033694e-05,ENSG00000153006_amide
ENSG00000166822,0.65,6.8903613034569e-05,ENSG00000166822_amide
ENSG00000255529,-0.455,7.33725307730614e-05,ENSG00000255529_amide
ENSG00000119862,-0.691,7.36163494017956e-05,ENSG00000119862_amide
ENSG00000177200,0.273,7.36790790633391e-05,ENSG00000177200_amide
ENSG00000125148,0.393,7.88500858223233e-05,ENSG00000125148_amide
ENSG00000118217,0.291,7.98444665086255e-05,ENSG00000118217_amide
ENSG00000164465,0.381,8.27486260982208e-05,ENSG00000164465_amide
ENSG00000268089,0.528,8.69347641924607e-05,ENSG00000268089_amide
ENSG00000120008,0.362,9.08853010464907e-05,ENSG00000120008_amide
ENSG00000070831,0.23,9.12660541642991e-05,ENSG00000070831_amide
ENSG00000138386,0.275,9.33682987872629e-05,ENSG00000138386_amide
ENSG00000173391,0.623,9.33682987872629e-05,ENSG00000173391_amide
ENSG00000165997,0.345,9.34589446678077e-05,ENSG00000165997_amide
ENSG00000182831,0.3,9.35140446102794e-05,ENSG00000182831_amide
ENSG00000154845,0.335,9.35140446102794e-05,ENSG00000154845_amide
ENSG00000182621,0.572,9.35140446102794e-05,ENSG00000182621_amide
ENSG00000170542,0.59,9.35140446102794e-05,ENSG00000170542_amide
ENSG00000115993,0.285,9.41537690700282e-05,ENSG00000115993_amide
ENSG00000134982,-0.288,9.5608682033842e-05,ENSG00000134982_amide
ENSG00000120256,0.916,9.90942308064447e-05,ENSG00000120256_amide
ENSG00000172667,-0.47,9.97476114999082e-05,ENSG00000172667_amide
ENSG00000169251,0.326,0.0,ENSG00000169251_amide
ENSG00000197121,-0.494,0.0,ENSG00000197121_amide
ENSG00000116704,0.379,0.0,ENSG00000116704_amide
ENSG00000006453,0.338,0.0,ENSG00000006453_amide
ENSG00000171492,-0.356,0.0,ENSG00000171492_amide
ENSG00000090530,0.442,0.0,ENSG00000090530_amide
ENSG00000100350,-0.345,0.0,ENSG00000100350_amide
ENSG00000156017,0.401,0.0,ENSG00000156017_amide
ENSG00000071051,0.807,0.0,ENSG00000071051_amide
ENSG00000184675,-0.498,0.0,ENSG00000184675_amide
ENSG00000113269,0.568,0.0,ENSG00000113269_amide
ENSG00000168411,-0.292,0.0,ENSG00000168411_amide
ENSG00000153094,-0.381,0.0,ENSG00000153094_amide
ENSG00000198554,0.433,0.0,ENSG00000198554_amide
ENSG00000112078,-0.354,0.0,ENSG00000112078_amide
ENSG00000145734,0.491,0.0,ENSG00000145734_amide
ENSG00000083937,0.477,0.0,ENSG00000083937_amide
ENSG00000180357,-0.221,0.0,ENSG00000180357_amide
ENSG00000108602,0.648,0.0,ENSG00000108602_amide
ENSG00000108846,0.308,0.0,ENSG00000108846_amide
ENSG00000137809,0.204,0.0,ENSG00000137809_amide
ENSG00000134744,-0.335,0.0,ENSG00000134744_amide
ENSG00000107036,-0.259,0.0,ENSG00000107036_amide
ENSG00000168092,0.302,0.0,ENSG00000168092_amide
ENSG00000166233,-0.326,0.0,ENSG00000166233_amide
ENSG00000055163,0.309,0.0,ENSG00000055163_amide
ENSG00000211455,0.33,0.0,ENSG00000211455_amide
ENSG00000048649,0.349,0.0,ENSG00000048649_amide
ENSG00000279348,1.037,0.0,ENSG00000279348_amide
ENSG00000151632,0.391,0.0,ENSG00000151632_amide
ENSG00000132846,-0.583,0.0,ENSG00000132846_amide
ENSG00000198408,0.315,0.0,ENSG00000198408_amide
ENSG00000100523,0.42,0.0,ENSG00000100523_amide
ENSG00000186815,0.481,0.0,ENSG00000186815_amide
ENSG00000137942,-0.344,0.0,ENSG00000137942_amide
ENSG00000151718,0.31,0.0,ENSG00000151718_amide
ENSG00000135318,0.37,0.0,ENSG00000135318_amide
ENSG00000182585,0.605,0.0,ENSG00000182585_amide
ENSG00000143458,0.573,0.0,ENSG00000143458_amide
ENSG00000163734,0.569,0.0,ENSG00000163734_amide
ENSG00000132334,0.629,0.0,ENSG00000132334_amide
ENSG00000166575,-0.52,0.0,ENSG00000166575_amide
ENSG00000137094,0.471,0.0,ENSG00000137094_amide
ENSG00000242498,-0.419,0.0,ENSG00000242498_amide
ENSG00000143933,-0.288,0.0,ENSG00000143933_amide
ENSG00000100395,0.414,0.0,ENSG00000100395_amide
ENSG00000277224,0.382,0.0,ENSG00000277224_amide
ENSG00000145819,0.415,0.0,ENSG00000145819_amide
ENSG00000182768,-0.439,0.0,ENSG00000182768_amide
ENSG00000100219,0.24,0.0,ENSG00000100219_amide
ENSG00000105176,0.454,0.0,ENSG00000105176_amide
ENSG00000134371,-0.268,0.0,ENSG00000134371_amide
ENSG00000271601,-0.329,0.0,ENSG00000271601_amide
ENSG00000057663,0.473,0.0,ENSG00000057663_amide
ENSG00000108861,-0.341,0.0,ENSG00000108861_amide
ENSG00000156110,0.395,0.0,ENSG00000156110_amide
ENSG00000086289,0.469,0.0,ENSG00000086289_amide
ENSG00000070061,0.283,0.0,ENSG00000070061_amide
ENSG00000080819,-0.879,0.0,ENSG00000080819_amide
ENSG00000156599,-0.277,0.0,ENSG00000156599_amide
ENSG00000128609,0.48,0.0,ENSG00000128609_amide
ENSG00000138061,0.447,0.0,ENSG00000138061_amide
ENSG00000177034,-0.328,0.0,ENSG00000177034_amide
ENSG00000171723,0.423,0.0,ENSG00000171723_amide
ENSG00000186063,0.356,0.0,ENSG00000186063_amide
ENSG00000153246,0.279,0.0,ENSG00000153246_amide
ENSG00000183421,0.627,0.0,ENSG00000183421_amide
ENSG00000153201,0.285,0.0,ENSG00000153201_amide
ENSG00000108256,-0.236,0.0,ENSG00000108256_amide
ENSG00000116729,-0.392,0.0,ENSG00000116729_amide
ENSG00000198890,-0.398,0.0,ENSG00000198890_amide
ENSG00000132463,0.35,0.0,ENSG00000132463_amide
ENSG00000164924,0.229,0.0,ENSG00000164924_amide
ENSG00000180198,-0.317,0.0,ENSG00000180198_amide
ENSG00000171223,0.399,0.0,ENSG00000171223_amide
ENSG00000125827,0.521,0.0,ENSG00000125827_amide
ENSG00000170871,0.4,0.0,ENSG00000170871_amide
ENSG00000130522,0.331,0.0,ENSG00000130522_amide
ENSG00000173011,0.414,0.0,ENSG00000173011_amide
ENSG00000118503,0.303,0.0,ENSG00000118503_amide
ENSG00000137959,-0.385,0.0,ENSG00000137959_amide
ENSG00000178764,-0.35,0.0,ENSG00000178764_amide
ENSG00000160741,-0.291,0.0,ENSG00000160741_amide
ENSG00000113552,0.316,0.0,ENSG00000113552_amide
ENSG00000125266,-0.357,0.0,ENSG00000125266_amide
ENSG00000185129,-0.351,0.0,ENSG00000185129_amide
ENSG00000120805,-0.368,0.0,ENSG00000120805_amide
ENSG00000107758,0.393,0.0,ENSG00000107758_amide
ENSG00000107984,-0.725,0.0,ENSG00000107984_amide
ENSG00000100311,0.666,0.0,ENSG00000100311_amide
ENSG00000149428,0.427,0.0,ENSG00000149428_amide
ENSG00000184007,-0.237,0.0,ENSG00000184007_amide
ENSG00000141198,0.381,0.0,ENSG00000141198_amide
ENSG00000228253,-1.258,0.0,ENSG00000228253_amide
ENSG00000198959,0.323,0.0,ENSG00000198959_amide
ENSG00000100139,0.371,0.0,ENSG00000100139_amide
ENSG00000120868,0.401,0.0,ENSG00000120868_amide
ENSG00000187098,-0.374,0.0,ENSG00000187098_amide
ENSG00000111530,0.269,0.0,ENSG00000111530_amide
ENSG00000115159,-0.249,0.0,ENSG00000115159_amide
ENSG00000049246,0.405,0.0,ENSG00000049246_amide
ENSG00000166598,0.264,0.0,ENSG00000166598_amide
ENSG00000102580,0.272,0.0,ENSG00000102580_amide
ENSG00000174718,-0.399,0.0,ENSG00000174718_amide
ENSG00000005483,-0.264,0.0,ENSG00000005483_amide
ENSG00000166881,-0.301,0.0,ENSG00000166881_amide
ENSG00000108510,-0.242,0.0,ENSG00000108510_amide
ENSG00000144802,0.309,0.0,ENSG00000144802_amide
ENSG00000005302,0.553,0.0,ENSG00000005302_amide
ENSG00000148606,-0.393,0.0,ENSG00000148606_amide
ENSG00000177463,0.29,0.0,ENSG00000177463_amide
ENSG00000165355,0.5,0.0,ENSG00000165355_amide
ENSG00000155100,-0.433,0.0,ENSG00000155100_amide
ENSG00000164040,0.329,0.0,ENSG00000164040_amide
ENSG00000108439,-0.416,0.0,ENSG00000108439_amide
ENSG00000066926,0.385,0.0,ENSG00000066926_amide
ENSG00000131148,0.809,0.0,ENSG00000131148_amide
ENSG00000103275,-0.244,0.0,ENSG00000103275_amide
ENSG00000175595,-0.341,0.0,ENSG00000175595_amide
ENSG00000114030,0.235,0.0,ENSG00000114030_amide
ENSG00000114446,0.649,0.0,ENSG00000114446_amide
ENSG00000086062,0.201,0.0,ENSG00000086062_amide
ENSG00000179218,0.3,0.0,ENSG00000179218_amide
ENSG00000073712,0.306,0.0,ENSG00000073712_amide
ENSG00000125968,0.496,0.0,ENSG00000125968_amide
ENSG00000073150,0.585,0.0,ENSG00000073150_amide
ENSG00000129128,-0.246,0.0,ENSG00000129128_amide
ENSG00000103160,-0.58,0.0,ENSG00000103160_amide
ENSG00000157538,0.438,0.0,ENSG00000157538_amide
ENSG00000119541,0.417,0.0,ENSG00000119541_amide
ENSG00000161217,0.316,0.0,ENSG00000161217_amide
ENSG00000147130,-0.398,0.0,ENSG00000147130_amide
ENSG00000008952,-0.367,0.0,ENSG00000008952_amide
ENSG00000117625,-0.336,0.0,ENSG00000117625_amide
ENSG00000112144,-0.727,0.0,ENSG00000112144_amide
ENSG00000114978,-0.261,0.0,ENSG00000114978_amide
ENSG00000054523,0.312,0.0,ENSG00000054523_amide
ENSG00000134986,0.452,0.0,ENSG00000134986_amide
ENSG00000101871,-0.386,0.0,ENSG00000101871_amide
ENSG00000101846,-0.319,0.0,ENSG00000101846_amide
ENSG00000211584,-0.27,0.0,ENSG00000211584_amide
ENSG00000115145,0.366,0.0,ENSG00000115145_amide
ENSG00000008083,-0.381,0.0,ENSG00000008083_amide
ENSG00000215193,0.248,0.0,ENSG00000215193_amide
ENSG00000130508,0.307,0.0,ENSG00000130508_amide
ENSG00000118564,0.353,0.0,ENSG00000118564_amide
ENSG00000106785,-0.304,0.0,ENSG00000106785_amide
ENSG00000176597,0.39,0.0,ENSG00000176597_amide
ENSG00000095787,-0.288,0.0,ENSG00000095787_amide
ENSG00000248323,0.261,0.0,ENSG00000248323_amide
ENSG00000174738,-0.246,0.0,ENSG00000174738_amide
ENSG00000100393,-0.209,0.0,ENSG00000100393_amide
ENSG00000140367,-0.329,0.0,ENSG00000140367_amide
ENSG00000147036,-0.608,0.0,ENSG00000147036_amide
ENSG00000143771,0.447,0.0,ENSG00000143771_amide
ENSG00000135378,0.698,0.0,ENSG00000135378_amide
ENSG00000123684,-0.23,0.0,ENSG00000123684_amide
ENSG00000144674,0.373,0.0,ENSG00000144674_amide
ENSG00000176018,0.323,0.0,ENSG00000176018_amide
ENSG00000071539,0.233,0.0,ENSG00000071539_amide
ENSG00000174695,-0.324,0.0,ENSG00000174695_amide
ENSG00000135164,0.327,0.0,ENSG00000135164_amide
ENSG00000196352,0.258,0.0,ENSG00000196352_amide
ENSG00000133243,0.555,0.0,ENSG00000133243_amide
ENSG00000060749,-0.284,0.0,ENSG00000060749_amide
ENSG00000087586,-0.31,0.0,ENSG00000087586_amide
ENSG00000130340,0.295,0.0,ENSG00000130340_amide
ENSG00000117519,-0.271,0.0,ENSG00000117519_amide
ENSG00000076554,-0.338,0.0,ENSG00000076554_amide
ENSG00000077238,0.454,0.0,ENSG00000077238_amide
ENSG00000136048,0.23,0.0,ENSG00000136048_amide
ENSG00000198586,-0.253,0.0,ENSG00000198586_amide
ENSG00000227345,-0.44,0.0,ENSG00000227345_amide
ENSG00000186642,-0.24,0.0,ENSG00000186642_amide
ENSG00000128274,0.381,0.0,ENSG00000128274_amide
ENSG00000021826,-0.226,0.0,ENSG00000021826_amide
ENSG00000153933,-0.347,0.0,ENSG00000153933_amide
ENSG00000102908,-0.305,0.0,ENSG00000102908_amide
ENSG00000101856,-0.249,0.0,ENSG00000101856_amide
ENSG00000101347,-0.269,0.0,ENSG00000101347_amide
ENSG00000084073,0.305,0.0,ENSG00000084073_amide
ENSG00000153046,0.322,0.0,ENSG00000153046_amide
ENSG00000125648,-0.282,0.0,ENSG00000125648_amide
ENSG00000188636,0.275,0.0,ENSG00000188636_amide
ENSG00000140948,-0.285,0.0,ENSG00000140948_amide
ENSG00000169925,0.308,0.0,ENSG00000169925_amide
ENSG00000159842,0.327,0.0,ENSG00000159842_amide
ENSG00000152642,-0.39,0.0,ENSG00000152642_amide
ENSG00000136280,0.564,0.0,ENSG00000136280_amide
ENSG00000108774,-0.342,0.0,ENSG00000108774_amide
ENSG00000173698,-0.462,0.0,ENSG00000173698_amide
ENSG00000040199,0.356,0.0,ENSG00000040199_amide
ENSG00000118596,-0.331,0.0,ENSG00000118596_amide
ENSG00000207181,-0.831,0.0,ENSG00000207181_amide
ENSG00000036257,0.286,0.0,ENSG00000036257_amide
ENSG00000137414,0.403,0.0,ENSG00000137414_amide
ENSG00000253293,0.749,0.0,ENSG00000253293_amide
ENSG00000172466,-0.265,0.0,ENSG00000172466_amide
ENSG00000187123,-0.567,0.0,ENSG00000187123_amide
ENSG00000107789,0.598,0.0,ENSG00000107789_amide
ENSG00000111110,-0.53,0.0,ENSG00000111110_amide
ENSG00000155115,0.477,0.0,ENSG00000155115_amide
ENSG00000134531,-0.307,0.0,ENSG00000134531_amide
ENSG00000100697,0.248,0.0,ENSG00000100697_amide
ENSG00000111912,0.254,0.0,ENSG00000111912_amide
ENSG00000092199,-0.188,0.0,ENSG00000092199_amide
ENSG00000146072,-0.281,0.0,ENSG00000146072_amide
ENSG00000172380,-0.21,0.0,ENSG00000172380_amide
ENSG00000176454,-0.351,0.0,ENSG00000176454_amide
ENSG00000164930,-0.382,0.0,ENSG00000164930_amide
ENSG00000186283,0.482,0.0,ENSG00000186283_amide
ENSG00000175592,-0.24,0.0,ENSG00000175592_amide
ENSG00000134755,0.367,0.0,ENSG00000134755_amide
ENSG00000265972,-0.345,0.0,ENSG00000265972_amide
ENSG00000272335,-0.643,0.0,ENSG00000272335_amide
ENSG00000075407,-0.479,0.0,ENSG00000075407_amide
ENSG00000083312,-0.19,0.0,ENSG00000083312_amide
ENSG00000143294,0.263,0.0,ENSG00000143294_amide
ENSG00000134690,0.315,0.0,ENSG00000134690_amide
ENSG00000187735,0.341,0.0,ENSG00000187735_amide
ENSG00000101367,-0.214,0.0,ENSG00000101367_amide
ENSG00000205765,-0.322,0.0,ENSG00000205765_amide
ENSG00000128510,-0.576,0.0,ENSG00000128510_amide
ENSG00000067082,0.251,0.0,ENSG00000067082_amide
ENSG00000196323,-0.278,0.0,ENSG00000196323_amide
ENSG00000112851,-0.235,0.0,ENSG00000112851_amide
ENSG00000112419,0.268,0.0,ENSG00000112419_amide
ENSG00000101266,-0.221,0.0,ENSG00000101266_amide
ENSG00000124107,0.398,0.0,ENSG00000124107_amide
ENSG00000261061,-0.591,0.0,ENSG00000261061_amide
ENSG00000100239,0.437,0.0,ENSG00000100239_amide
ENSG00000164327,-0.185,0.0,ENSG00000164327_amide
ENSG00000265190,0.556,0.0,ENSG00000265190_amide
ENSG00000170266,-0.275,0.0,ENSG00000170266_amide
ENSG00000198464,-0.447,0.0,ENSG00000198464_amide
ENSG00000136560,0.404,0.0,ENSG00000136560_amide
ENSG00000102882,0.421,0.0,ENSG00000102882_amide
ENSG00000011405,-0.21,0.0,ENSG00000011405_amide
ENSG00000164305,-0.425,0.0,ENSG00000164305_amide
ENSG00000136603,0.238,0.0,ENSG00000136603_amide
ENSG00000134107,0.207,0.0,ENSG00000134107_amide
ENSG00000157077,0.453,0.0,ENSG00000157077_amide
ENSG00000134313,-0.243,0.0,ENSG00000134313_amide
ENSG00000120685,-0.333,0.0,ENSG00000120685_amide
ENSG00000137502,-0.345,0.0,ENSG00000137502_amide
ENSG00000184185,0.483,0.0,ENSG00000184185_amide
ENSG00000082213,-0.297,0.0,ENSG00000082213_amide
ENSG00000100354,-0.242,0.0,ENSG00000100354_amide
ENSG00000156030,-0.241,0.0,ENSG00000156030_amide
ENSG00000078674,0.249,0.0,ENSG00000078674_amide
ENSG00000034677,0.257,0.0,ENSG00000034677_amide
ENSG00000134255,-0.297,0.0,ENSG00000134255_amide
ENSG00000196821,0.5,0.0,ENSG00000196821_amide
ENSG00000124225,0.374,0.0,ENSG00000124225_amide
ENSG00000135679,0.258,0.0,ENSG00000135679_amide
ENSG00000084733,-0.236,0.0,ENSG00000084733_amide
ENSG00000101126,-0.199,0.0,ENSG00000101126_amide
ENSG00000176871,0.291,0.0,ENSG00000176871_amide
ENSG00000169857,0.673,0.0,ENSG00000169857_amide
ENSG00000128283,-0.23,0.0,ENSG00000128283_amide
ENSG00000144231,0.466,0.0,ENSG00000144231_amide
ENSG00000205476,0.41,0.0,ENSG00000205476_amide
ENSG00000214194,-0.368,0.0,ENSG00000214194_amide
ENSG00000118200,-0.213,0.0,ENSG00000118200_amide
ENSG00000138439,-0.45,0.0,ENSG00000138439_amide
ENSG00000105866,-0.403,0.0,ENSG00000105866_amide
ENSG00000109133,-0.232,0.0,ENSG00000109133_amide
ENSG00000146278,0.19,0.0,ENSG00000146278_amide
ENSG00000003989,0.205,0.0,ENSG00000003989_amide
ENSG00000106086,0.386,0.0,ENSG00000106086_amide
ENSG00000137413,-0.407,0.0,ENSG00000137413_amide
ENSG00000112365,-0.362,0.0,ENSG00000112365_amide
ENSG00000122729,0.299,0.0,ENSG00000122729_amide
ENSG00000156398,-0.6,0.0,ENSG00000156398_amide
ENSG00000102081,-0.243,0.0,ENSG00000102081_amide
ENSG00000181649,1.133,0.0,ENSG00000181649_amide
ENSG00000131459,0.371,0.0,ENSG00000131459_amide
ENSG00000145779,0.288,0.0,ENSG00000145779_amide
ENSG00000135002,0.277,0.0,ENSG00000135002_amide
ENSG00000100625,-0.374,0.0,ENSG00000100625_amide
ENSG00000072736,-0.323,0.0,ENSG00000072736_amide
ENSG00000023516,-0.242,0.0,ENSG00000023516_amide
ENSG00000132470,0.308,0.0,ENSG00000132470_amide
ENSG00000196139,0.389,0.0,ENSG00000196139_amide
ENSG00000198805,0.382,0.0,ENSG00000198805_amide
ENSG00000130119,-0.192,0.0,ENSG00000130119_amide
ENSG00000076513,-0.342,0.0,ENSG00000076513_amide
ENSG00000188153,0.296,0.0,ENSG00000188153_amide
ENSG00000167536,-0.66,0.0,ENSG00000167536_amide
ENSG00000206538,0.379,0.0,ENSG00000206538_amide
ENSG00000168813,-0.311,0.0,ENSG00000168813_amide
ENSG00000198824,-0.305,0.0,ENSG00000198824_amide
ENSG00000089159,-0.211,0.0,ENSG00000089159_amide
ENSG00000099194,-0.184,0.0,ENSG00000099194_amide
ENSG00000203722,0.368,0.0,ENSG00000203722_amide
ENSG00000132478,0.358,0.0,ENSG00000132478_amide
ENSG00000125730,0.215,0.0,ENSG00000125730_amide
ENSG00000075785,-0.273,0.0,ENSG00000075785_amide
ENSG00000169641,-0.271,0.0,ENSG00000169641_amide
ENSG00000143569,-0.216,0.0,ENSG00000143569_amide
ENSG00000070367,0.273,0.0,ENSG00000070367_amide
ENSG00000211448,0.37,0.0,ENSG00000211448_amide
ENSG00000214753,-0.409,0.0,ENSG00000214753_amide
ENSG00000243317,0.337,0.0,ENSG00000243317_amide
ENSG00000130164,0.292,0.0,ENSG00000130164_amide
ENSG00000116711,0.296,0.0,ENSG00000116711_amide
ENSG00000158201,-0.448,0.0,ENSG00000158201_amide
ENSG00000106367,-0.317,0.0,ENSG00000106367_amide
ENSG00000129595,0.339,0.0,ENSG00000129595_amide
ENSG00000168175,-0.29,0.0,ENSG00000168175_amide
ENSG00000090054,-0.287,0.0,ENSG00000090054_amide
ENSG00000136518,0.355,0.0,ENSG00000136518_amide
ENSG00000077097,0.372,0.0,ENSG00000077097_amide
ENSG00000050405,-0.322,0.0,ENSG00000050405_amide
ENSG00000057252,-0.324,0.0,ENSG00000057252_amide
ENSG00000144028,-0.255,0.0,ENSG00000144028_amide
ENSG00000086189,0.377,0.0,ENSG00000086189_amide
ENSG00000164506,0.27,0.0,ENSG00000164506_amide
ENSG00000151327,0.48,0.0,ENSG00000151327_amide
ENSG00000215114,-0.35,0.0,ENSG00000215114_amide
ENSG00000122591,0.236,0.0,ENSG00000122591_amide
ENSG00000197728,0.347,0.0,ENSG00000197728_amide
ENSG00000123505,-0.211,0.0,ENSG00000123505_amide
ENSG00000112242,-0.301,0.0,ENSG00000112242_amide
ENSG00000144136,0.269,0.0,ENSG00000144136_amide
ENSG00000166831,0.423,0.0,ENSG00000166831_amide
ENSG00000225091,-0.661,0.0,ENSG00000225091_amide
ENSG00000185896,-0.206,0.0,ENSG00000185896_amide
ENSG00000138942,-0.329,0.0,ENSG00000138942_amide
ENSG00000159792,0.422,0.0,ENSG00000159792_amide
ENSG00000099260,0.392,0.0,ENSG00000099260_amide
ENSG00000090339,0.405,0.0,ENSG00000090339_amide
ENSG00000114853,-0.424,0.0,ENSG00000114853_amide
ENSG00000200997,0.962,0.0,ENSG00000200997_amide
ENSG00000178996,-0.363,0.0,ENSG00000178996_amide
ENSG00000012174,0.276,0.0,ENSG00000012174_amide
ENSG00000106344,-0.223,0.0,ENSG00000106344_amide
ENSG00000033867,0.296,0.0,ENSG00000033867_amide
ENSG00000138759,-0.248,0.0,ENSG00000138759_amide
ENSG00000111364,0.426,0.0,ENSG00000111364_amide
ENSG00000090470,-0.446,0.0,ENSG00000090470_amide
ENSG00000163104,-0.257,0.0,ENSG00000163104_amide
ENSG00000124172,-0.22,0.0,ENSG00000124172_amide
ENSG00000116350,-0.261,0.0,ENSG00000116350_amide
ENSG00000238266,-0.365,0.0,ENSG00000238266_amide
ENSG00000179134,-0.234,0.0,ENSG00000179134_amide
ENSG00000083720,-0.189,0.0,ENSG00000083720_amide
ENSG00000010165,0.45,0.0,ENSG00000010165_amide
ENSG00000204520,0.583,0.0,ENSG00000204520_amide
ENSG00000127337,0.477,0.0,ENSG00000127337_amide
ENSG00000071564,0.27,0.0,ENSG00000071564_amide
ENSG00000165733,0.382,0.0,ENSG00000165733_amide
ENSG00000170832,-0.233,0.0,ENSG00000170832_amide
ENSG00000116017,-0.611,0.0,ENSG00000116017_amide
ENSG00000181788,-0.292,0.0,ENSG00000181788_amide
ENSG00000164134,0.27,0.0,ENSG00000164134_amide
ENSG00000119333,0.361,0.0,ENSG00000119333_amide
ENSG00000276293,0.563,0.0,ENSG00000276293_amide
ENSG00000151502,0.441,0.0,ENSG00000151502_amide
ENSG00000172893,-0.251,0.0,ENSG00000172893_amide
ENSG00000161800,-0.226,0.0,ENSG00000161800_amide
ENSG00000143252,0.21,0.0,ENSG00000143252_amide
ENSG00000120063,0.2,0.0,ENSG00000120063_amide
ENSG00000124789,-0.17,0.0,ENSG00000124789_amide
ENSG00000163874,0.246,0.0,ENSG00000163874_amide
ENSG00000053254,-0.249,0.0,ENSG00000053254_amide
ENSG00000105825,0.333,0.0,ENSG00000105825_amide
ENSG00000275216,-0.433,0.0,ENSG00000275216_amide
ENSG00000131437,0.538,0.0,ENSG00000131437_amide
ENSG00000124831,0.271,0.0,ENSG00000124831_amide
ENSG00000155324,0.49,0.0,ENSG00000155324_amide
ENSG00000126368,-0.272,0.0,ENSG00000126368_amide
ENSG00000196865,-0.24,0.0,ENSG00000196865_amide
ENSG00000116747,-0.274,0.0,ENSG00000116747_amide
ENSG00000165240,0.353,0.0,ENSG00000165240_amide
ENSG00000129083,0.239,0.0,ENSG00000129083_amide
ENSG00000073614,0.312,0.0,ENSG00000073614_amide
ENSG00000213626,-0.299,0.0,ENSG00000213626_amide
ENSG00000132952,0.347,0.0,ENSG00000132952_amide
ENSG00000152620,-0.31,0.0,ENSG00000152620_amide
ENSG00000196313,-0.299,0.0,ENSG00000196313_amide
ENSG00000064012,-0.337,0.0,ENSG00000064012_amide
ENSG00000154127,-0.362,0.0,ENSG00000154127_amide
ENSG00000181744,-0.367,0.0,ENSG00000181744_amide
ENSG00000144747,0.347,0.0,ENSG00000144747_amide
ENSG00000127526,-0.272,0.0,ENSG00000127526_amide
ENSG00000150768,-0.258,0.0,ENSG00000150768_amide
ENSG00000138434,0.169,0.0,ENSG00000138434_amide
ENSG00000188419,0.3,0.0,ENSG00000188419_amide
ENSG00000131899,0.464,0.0,ENSG00000131899_amide
ENSG00000185624,0.341,0.01,ENSG00000185624_amide
ENSG00000198648,-0.32,0.01,ENSG00000198648_amide
ENSG00000117174,-0.308,0.01,ENSG00000117174_amide
ENSG00000111142,-0.282,0.01,ENSG00000111142_amide
ENSG00000132466,-0.224,0.01,ENSG00000132466_amide
ENSG00000162734,-0.201,0.01,ENSG00000162734_amide
ENSG00000156504,-0.279,0.01,ENSG00000156504_amide
ENSG00000162222,0.364,0.01,ENSG00000162222_amide
ENSG00000155229,0.342,0.01,ENSG00000155229_amide
ENSG00000225630,-1.633,0.01,ENSG00000225630_amide
ENSG00000120896,0.321,0.01,ENSG00000120896_amide
ENSG00000085415,-0.236,0.01,ENSG00000085415_amide
ENSG00000090060,-0.165,0.01,ENSG00000090060_amide
ENSG00000136378,0.568,0.01,ENSG00000136378_amide
ENSG00000140526,-0.208,0.01,ENSG00000140526_amide
ENSG00000110218,0.346,0.01,ENSG00000110218_amide
ENSG00000243232,0.45,0.01,ENSG00000243232_amide
ENSG00000002834,-0.165,0.01,ENSG00000002834_amide
ENSG00000197037,-0.429,0.01,ENSG00000197037_amide
ENSG00000029363,0.219,0.01,ENSG00000029363_amide
ENSG00000047634,0.322,0.01,ENSG00000047634_amide
ENSG00000166912,-0.434,0.01,ENSG00000166912_amide
ENSG00000157450,-0.262,0.01,ENSG00000157450_amide
ENSG00000130818,-0.348,0.01,ENSG00000130818_amide
ENSG00000115364,-0.239,0.01,ENSG00000115364_amide
ENSG00000169230,0.357,0.01,ENSG00000169230_amide
ENSG00000100097,0.257,0.01,ENSG00000100097_amide
ENSG00000146223,0.213,0.01,ENSG00000146223_amide
ENSG00000099250,0.242,0.01,ENSG00000099250_amide
ENSG00000100906,0.244,0.01,ENSG00000100906_amide
ENSG00000149311,-0.226,0.01,ENSG00000149311_amide
ENSG00000126351,0.346,0.01,ENSG00000126351_amide
ENSG00000115414,0.214,0.01,ENSG00000115414_amide
ENSG00000197956,-0.3,0.01,ENSG00000197956_amide
ENSG00000148187,-0.21,0.01,ENSG00000148187_amide
ENSG00000136643,0.293,0.01,ENSG00000136643_amide
ENSG00000115380,-0.221,0.01,ENSG00000115380_amide
ENSG00000177542,0.395,0.01,ENSG00000177542_amide
ENSG00000130821,-0.282,0.01,ENSG00000130821_amide
ENSG00000104320,-0.309,0.01,ENSG00000104320_amide
ENSG00000145391,-0.213,0.01,ENSG00000145391_amide
ENSG00000188994,-0.256,0.01,ENSG00000188994_amide
ENSG00000166068,0.262,0.01,ENSG00000166068_amide
ENSG00000092108,0.281,0.01,ENSG00000092108_amide
ENSG00000134369,0.231,0.01,ENSG00000134369_amide
ENSG00000124151,-0.221,0.01,ENSG00000124151_amide
ENSG00000144746,0.243,0.01,ENSG00000144746_amide
ENSG00000106346,0.301,0.01,ENSG00000106346_amide
ENSG00000103066,0.554,0.01,ENSG00000103066_amide
ENSG00000184164,0.551,0.01,ENSG00000184164_amide
ENSG00000106605,0.653,0.01,ENSG00000106605_amide
ENSG00000173210,0.306,0.01,ENSG00000173210_amide
ENSG00000137962,-0.316,0.01,ENSG00000137962_amide
ENSG00000048991,-0.224,0.01,ENSG00000048991_amide
ENSG00000150347,0.277,0.01,ENSG00000150347_amide
ENSG00000268205,-0.32,0.01,ENSG00000268205_amide
ENSG00000079313,0.407,0.01,ENSG00000079313_amide
ENSG00000107863,0.192,0.01,ENSG00000107863_amide
ENSG00000164163,-0.239,0.01,ENSG00000164163_amide
ENSG00000074370,0.405,0.01,ENSG00000074370_amide
ENSG00000164684,0.257,0.01,ENSG00000164684_amide
ENSG00000076067,-0.237,0.01,ENSG00000076067_amide
ENSG00000163714,0.196,0.01,ENSG00000163714_amide
ENSG00000173227,0.415,0.01,ENSG00000173227_amide
ENSG00000196739,-0.36,0.01,ENSG00000196739_amide
ENSG00000184076,0.364,0.01,ENSG00000184076_amide
ENSG00000145050,0.28,0.01,ENSG00000145050_amide
ENSG00000065000,0.258,0.01,ENSG00000065000_amide
ENSG00000109332,-0.278,0.01,ENSG00000109332_amide
ENSG00000123066,-0.234,0.01,ENSG00000123066_amide
ENSG00000089693,-0.218,0.01,ENSG00000089693_amide
ENSG00000101464,-0.334,0.01,ENSG00000101464_amide
ENSG00000233927,0.406,0.01,ENSG00000233927_amide
ENSG00000132854,0.666,0.01,ENSG00000132854_amide
ENSG00000158636,-0.254,0.01,ENSG00000158636_amide
ENSG00000062485,-0.156,0.01,ENSG00000062485_amide
ENSG00000128641,-0.289,0.01,ENSG00000128641_amide
ENSG00000119969,-0.247,0.01,ENSG00000119969_amide
ENSG00000148248,0.313,0.01,ENSG00000148248_amide
ENSG00000075790,0.354,0.01,ENSG00000075790_amide
ENSG00000242247,0.385,0.01,ENSG00000242247_amide
ENSG00000197217,-0.294,0.01,ENSG00000197217_amide
ENSG00000158079,0.421,0.01,ENSG00000158079_amide
ENSG00000031081,0.446,0.01,ENSG00000031081_amide
ENSG00000152683,-0.268,0.01,ENSG00000152683_amide
ENSG00000108588,-0.174,0.01,ENSG00000108588_amide
ENSG00000136842,0.445,0.01,ENSG00000136842_amide
ENSG00000181577,0.559,0.01,ENSG00000181577_amide
ENSG00000160588,0.725,0.01,ENSG00000160588_amide
ENSG00000166734,-0.239,0.01,ENSG00000166734_amide
ENSG00000122741,-0.208,0.01,ENSG00000122741_amide
ENSG00000140941,-0.2,0.01,ENSG00000140941_amide
ENSG00000084093,-0.285,0.01,ENSG00000084093_amide
ENSG00000153560,-0.179,0.01,ENSG00000153560_amide
ENSG00000118898,0.351,0.01,ENSG00000118898_amide
ENSG00000110422,-0.183,0.01,ENSG00000110422_amide
ENSG00000026025,0.207,0.01,ENSG00000026025_amide
ENSG00000132356,-0.198,0.01,ENSG00000132356_amide
ENSG00000106829,-0.325,0.01,ENSG00000106829_amide
ENSG00000070087,-0.293,0.01,ENSG00000070087_amide
ENSG00000068654,-0.261,0.01,ENSG00000068654_amide
ENSG00000143669,-0.285,0.01,ENSG00000143669_amide
ENSG00000072401,-0.489,0.01,ENSG00000072401_amide
ENSG00000115415,-0.266,0.01,ENSG00000115415_amide
ENSG00000133657,0.194,0.01,ENSG00000133657_amide
ENSG00000149948,-0.536,0.01,ENSG00000149948_amide
ENSG00000170989,-0.605,0.01,ENSG00000170989_amide
ENSG00000082458,0.405,0.01,ENSG00000082458_amide
ENSG00000147669,0.288,0.01,ENSG00000147669_amide
ENSG00000168283,-0.354,0.01,ENSG00000168283_amide
ENSG00000008086,0.217,0.01,ENSG00000008086_amide
ENSG00000136827,-0.227,0.01,ENSG00000136827_amide
ENSG00000198899,-0.345,0.01,ENSG00000198899_amide
ENSG00000031691,-0.425,0.01,ENSG00000031691_amide
ENSG00000107295,0.407,0.01,ENSG00000107295_amide
ENSG00000169554,0.338,0.01,ENSG00000169554_amide
ENSG00000104343,-0.366,0.01,ENSG00000104343_amide
ENSG00000160360,0.398,0.01,ENSG00000160360_amide
ENSG00000116752,0.27,0.01,ENSG00000116752_amide
ENSG00000184575,0.142,0.01,ENSG00000184575_amide
ENSG00000088451,0.552,0.01,ENSG00000088451_amide
ENSG00000165233,0.628,0.01,ENSG00000165233_amide
ENSG00000014216,0.301,0.01,ENSG00000014216_amide
ENSG00000165195,-0.261,0.01,ENSG00000165195_amide
ENSG00000167635,-0.253,0.01,ENSG00000167635_amide
ENSG00000065882,0.304,0.01,ENSG00000065882_amide
ENSG00000058668,0.185,0.01,ENSG00000058668_amide
ENSG00000225921,0.417,0.01,ENSG00000225921_amide
ENSG00000183722,0.552,0.01,ENSG00000183722_amide
ENSG00000051108,0.374,0.01,ENSG00000051108_amide
ENSG00000163605,0.235,0.01,ENSG00000163605_amide
ENSG00000154639,-0.263,0.01,ENSG00000154639_amide
ENSG00000162928,0.367,0.01,ENSG00000162928_amide
ENSG00000156482,0.26,0.01,ENSG00000156482_amide
ENSG00000080503,0.257,0.01,ENSG00000080503_amide
ENSG00000006016,0.436,0.01,ENSG00000006016_amide
ENSG00000171246,0.252,0.01,ENSG00000171246_amide
ENSG00000011007,-0.234,0.01,ENSG00000011007_amide
ENSG00000163539,-0.235,0.01,ENSG00000163539_amide
ENSG00000147316,0.335,0.01,ENSG00000147316_amide
ENSG00000114019,0.282,0.01,ENSG00000114019_amide
ENSG00000126070,-0.238,0.01,ENSG00000126070_amide
ENSG00000140015,0.497,0.01,ENSG00000140015_amide
ENSG00000087053,-0.173,0.01,ENSG00000087053_amide
ENSG00000160712,0.598,0.01,ENSG00000160712_amide
ENSG00000104341,-0.213,0.01,ENSG00000104341_amide
ENSG00000165389,0.325,0.01,ENSG00000165389_amide
ENSG00000152778,-0.353,0.01,ENSG00000152778_amide
ENSG00000159263,-0.305,0.01,ENSG00000159263_amide
ENSG00000187079,-0.225,0.01,ENSG00000187079_amide
ENSG00000213516,-0.328,0.01,ENSG00000213516_amide
ENSG00000168958,0.225,0.01,ENSG00000168958_amide
ENSG00000076928,0.31,0.01,ENSG00000076928_amide
ENSG00000125657,-0.254,0.01,ENSG00000125657_amide
ENSG00000164104,0.353,0.01,ENSG00000164104_amide
ENSG00000140598,0.32,0.01,ENSG00000140598_amide
ENSG00000171262,-0.303,0.01,ENSG00000171262_amide
ENSG00000136875,0.239,0.01,ENSG00000136875_amide
ENSG00000142634,-0.262,0.01,ENSG00000142634_amide
ENSG00000121892,-0.16,0.01,ENSG00000121892_amide
ENSG00000136238,0.19,0.01,ENSG00000136238_amide
ENSG00000072210,0.243,0.01,ENSG00000072210_amide
ENSG00000139154,-0.273,0.01,ENSG00000139154_amide
ENSG00000049759,0.228,0.01,ENSG00000049759_amide
ENSG00000182963,-0.218,0.01,ENSG00000182963_amide
ENSG00000171204,-0.293,0.01,ENSG00000171204_amide
ENSG00000134077,0.297,0.01,ENSG00000134077_amide
ENSG00000275221,0.65,0.01,ENSG00000275221_amide
ENSG00000084090,-0.165,0.01,ENSG00000084090_amide
ENSG00000073921,0.174,0.01,ENSG00000073921_amide
ENSG00000177125,0.307,0.01,ENSG00000177125_amide
ENSG00000188895,-0.23,0.01,ENSG00000188895_amide
ENSG00000080200,-0.317,0.01,ENSG00000080200_amide
ENSG00000052841,-0.213,0.01,ENSG00000052841_amide
ENSG00000113356,-0.397,0.01,ENSG00000113356_amide
ENSG00000106991,0.275,0.01,ENSG00000106991_amide
ENSG00000116675,0.474,0.01,ENSG00000116675_amide
ENSG00000143322,-0.239,0.01,ENSG00000143322_amide
ENSG00000165410,-0.198,0.01,ENSG00000165410_amide
ENSG00000124532,-0.416,0.01,ENSG00000124532_amide
ENSG00000122592,-0.635,0.01,ENSG00000122592_amide
ENSG00000117475,-0.268,0.01,ENSG00000117475_amide
ENSG00000159363,0.359,0.01,ENSG00000159363_amide
ENSG00000146858,0.451,0.01,ENSG00000146858_amide
ENSG00000197043,0.388,0.01,ENSG00000197043_amide
ENSG00000166483,-0.224,0.01,ENSG00000166483_amide
ENSG00000125520,0.297,0.01,ENSG00000125520_amide
ENSG00000104147,-0.5,0.01,ENSG00000104147_amide
ENSG00000198431,0.211,0.01,ENSG00000198431_amide
ENSG00000163812,-0.257,0.01,ENSG00000163812_amide
ENSG00000067606,0.47,0.01,ENSG00000067606_amide
ENSG00000056558,0.568,0.01,ENSG00000056558_amide
ENSG00000125952,0.219,0.01,ENSG00000125952_amide
ENSG00000128266,0.517,0.01,ENSG00000128266_amide
ENSG00000167552,0.338,0.01,ENSG00000167552_amide
ENSG00000173145,0.325,0.01,ENSG00000173145_amide
ENSG00000111676,-0.215,0.01,ENSG00000111676_amide
ENSG00000150594,0.323,0.01,ENSG00000150594_amide
ENSG00000166974,-0.272,0.01,ENSG00000166974_amide
ENSG00000163348,0.35,0.01,ENSG00000163348_amide
ENSG00000100558,0.271,0.01,ENSG00000100558_amide
ENSG00000196411,0.341,0.01,ENSG00000196411_amide
ENSG00000103148,-0.266,0.01,ENSG00000103148_amide
ENSG00000102606,0.263,0.01,ENSG00000102606_amide
ENSG00000162407,-0.443,0.01,ENSG00000162407_amide
ENSG00000166794,0.389,0.01,ENSG00000166794_amide
ENSG00000110851,-0.268,0.01,ENSG00000110851_amide
ENSG00000122958,-0.239,0.01,ENSG00000122958_amide
ENSG00000106392,-0.296,0.01,ENSG00000106392_amide
ENSG00000100941,-0.299,0.01,ENSG00000100941_amide
ENSG00000117632,-0.209,0.01,ENSG00000117632_amide
ENSG00000181472,-0.27,0.01,ENSG00000181472_amide
ENSG00000100284,0.404,0.01,ENSG00000100284_amide
ENSG00000164976,0.202,0.01,ENSG00000164976_amide
ENSG00000230202,0.23,0.01,ENSG00000230202_amide
ENSG00000148120,0.269,0.01,ENSG00000148120_amide
ENSG00000066084,-0.202,0.01,ENSG00000066084_amide
ENSG00000128973,-0.28,0.01,ENSG00000128973_amide
ENSG00000111731,-0.34,0.01,ENSG00000111731_amide
ENSG00000146063,-0.279,0.01,ENSG00000146063_amide
ENSG00000154305,-0.245,0.01,ENSG00000154305_amide
ENSG00000198938,-0.312,0.01,ENSG00000198938_amide
ENSG00000005339,0.163,0.01,ENSG00000005339_amide
ENSG00000259956,0.284,0.01,ENSG00000259956_amide
ENSG00000119912,-0.201,0.01,ENSG00000119912_amide
ENSG00000235750,0.23,0.01,ENSG00000235750_amide
ENSG00000198088,0.571,0.01,ENSG00000198088_amide
ENSG00000099995,-0.167,0.01,ENSG00000099995_amide
ENSG00000118689,-0.241,0.01,ENSG00000118689_amide
ENSG00000198380,-0.213,0.01,ENSG00000198380_amide
ENSG00000060982,-0.249,0.02,ENSG00000060982_amide
ENSG00000058056,0.243,0.02,ENSG00000058056_amide
ENSG00000149483,-0.247,0.02,ENSG00000149483_amide
ENSG00000171988,-0.195,0.02,ENSG00000171988_amide
ENSG00000135823,-0.334,0.02,ENSG00000135823_amide
ENSG00000278129,-0.353,0.02,ENSG00000278129_amide
ENSG00000164168,-0.266,0.02,ENSG00000164168_amide
ENSG00000147400,0.38,0.02,ENSG00000147400_amide
ENSG00000174705,0.246,0.02,ENSG00000174705_amide
ENSG00000081041,0.352,0.02,ENSG00000081041_amide
ENSG00000164659,0.39,0.02,ENSG00000164659_amide
ENSG00000169504,-0.156,0.02,ENSG00000169504_amide
ENSG00000204580,0.395,0.02,ENSG00000204580_amide
ENSG00000179833,-0.228,0.02,ENSG00000179833_amide
ENSG00000108821,0.328,0.02,ENSG00000108821_amide
ENSG00000204291,0.224,0.02,ENSG00000204291_amide
ENSG00000170264,0.489,0.02,ENSG00000170264_amide
ENSG00000169221,-0.249,0.02,ENSG00000169221_amide
ENSG00000095951,-0.23,0.02,ENSG00000095951_amide
ENSG00000120708,0.168,0.02,ENSG00000120708_amide
ENSG00000189241,-0.224,0.02,ENSG00000189241_amide
ENSG00000101003,-0.338,0.02,ENSG00000101003_amide
ENSG00000123064,0.327,0.02,ENSG00000123064_amide
ENSG00000100580,0.285,0.02,ENSG00000100580_amide
ENSG00000116191,-0.357,0.02,ENSG00000116191_amide
ENSG00000179889,0.362,0.02,ENSG00000179889_amide
ENSG00000059378,-0.275,0.02,ENSG00000059378_amide
ENSG00000114416,0.284,0.02,ENSG00000114416_amide
ENSG00000115365,-0.195,0.02,ENSG00000115365_amide
ENSG00000135333,-0.365,0.02,ENSG00000135333_amide
ENSG00000138107,0.217,0.02,ENSG00000138107_amide
ENSG00000263465,0.407,0.02,ENSG00000263465_amide
ENSG00000155330,0.428,0.02,ENSG00000155330_amide
ENSG00000274210,0.718,0.02,ENSG00000274210_amide
ENSG00000144580,-0.177,0.02,ENSG00000144580_amide
ENSG00000113811,0.43,0.02,ENSG00000113811_amide
ENSG00000133265,-0.308,0.02,ENSG00000133265_amide
ENSG00000164209,-0.211,0.02,ENSG00000164209_amide
ENSG00000143457,0.305,0.02,ENSG00000143457_amide
ENSG00000137166,0.251,0.02,ENSG00000137166_amide
ENSG00000113593,-0.342,0.02,ENSG00000113593_amide
ENSG00000185033,0.211,0.02,ENSG00000185033_amide
ENSG00000239900,-0.449,0.02,ENSG00000239900_amide
ENSG00000114554,0.281,0.02,ENSG00000114554_amide
ENSG00000240342,0.893,0.02,ENSG00000240342_amide
ENSG00000156531,-0.185,0.02,ENSG00000156531_amide
ENSG00000148450,0.402,0.02,ENSG00000148450_amide
ENSG00000139116,0.27,0.02,ENSG00000139116_amide
ENSG00000132382,0.263,0.02,ENSG00000132382_amide
ENSG00000157600,-0.201,0.02,ENSG00000157600_amide
ENSG00000198964,0.219,0.02,ENSG00000198964_amide
ENSG00000185262,0.394,0.02,ENSG00000185262_amide
ENSG00000162409,-0.233,0.02,ENSG00000162409_amide
ENSG00000089063,-0.302,0.02,ENSG00000089063_amide
ENSG00000137168,0.269,0.02,ENSG00000137168_amide
ENSG00000149084,-0.261,0.02,ENSG00000149084_amide
ENSG00000104447,-0.211,0.02,ENSG00000104447_amide
ENSG00000143153,0.147,0.02,ENSG00000143153_amide
ENSG00000132716,-0.313,0.02,ENSG00000132716_amide
ENSG00000149380,0.374,0.02,ENSG00000149380_amide
ENSG00000198786,-0.481,0.02,ENSG00000198786_amide
ENSG00000169905,0.222,0.02,ENSG00000169905_amide
ENSG00000164466,0.186,0.02,ENSG00000164466_amide
ENSG00000120742,-0.182,0.02,ENSG00000120742_amide
ENSG00000182158,-0.168,0.02,ENSG00000182158_amide
ENSG00000119408,-0.224,0.02,ENSG00000119408_amide
ENSG00000135476,-0.288,0.02,ENSG00000135476_amide
ENSG00000066557,-0.25,0.02,ENSG00000066557_amide
ENSG00000196159,-0.233,0.02,ENSG00000196159_amide
ENSG00000182463,0.249,0.02,ENSG00000182463_amide
ENSG00000187210,0.53,0.02,ENSG00000187210_amide
ENSG00000148154,-0.224,0.02,ENSG00000148154_amide
ENSG00000006451,0.277,0.02,ENSG00000006451_amide
ENSG00000152661,-0.199,0.02,ENSG00000152661_amide
ENSG00000102241,0.417,0.02,ENSG00000102241_amide
ENSG00000148677,-0.46,0.02,ENSG00000148677_amide
ENSG00000165288,-0.224,0.02,ENSG00000165288_amide
ENSG00000009954,0.213,0.02,ENSG00000009954_amide
ENSG00000143977,-0.372,0.02,ENSG00000143977_amide
ENSG00000175073,-0.231,0.02,ENSG00000175073_amide
ENSG00000109689,-0.312,0.02,ENSG00000109689_amide
ENSG00000170296,-0.508,0.02,ENSG00000170296_amide
ENSG00000141965,-0.391,0.02,ENSG00000141965_amide
ENSG00000112297,0.395,0.02,ENSG00000112297_amide
ENSG00000175893,-0.261,0.02,ENSG00000175893_amide
ENSG00000226067,0.576,0.02,ENSG00000226067_amide
ENSG00000129353,0.258,0.02,ENSG00000129353_amide
ENSG00000168016,0.274,0.02,ENSG00000168016_amide
ENSG00000148180,0.38,0.02,ENSG00000148180_amide
ENSG00000122644,0.29,0.02,ENSG00000122644_amide
ENSG00000166851,0.242,0.02,ENSG00000166851_amide
ENSG00000165572,-0.439,0.02,ENSG00000165572_amide
ENSG00000058063,-0.227,0.02,ENSG00000058063_amide
ENSG00000131724,-0.221,0.02,ENSG00000131724_amide
ENSG00000134109,-0.208,0.02,ENSG00000134109_amide
ENSG00000177383,0.432,0.02,ENSG00000177383_amide
ENSG00000176105,-0.217,0.02,ENSG00000176105_amide
ENSG00000139613,-0.181,0.02,ENSG00000139613_amide
ENSG00000152492,0.184,0.02,ENSG00000152492_amide
ENSG00000117877,0.338,0.02,ENSG00000117877_amide
ENSG00000264230,0.747,0.02,ENSG00000264230_amide
ENSG00000089818,-0.264,0.02,ENSG00000089818_amide
ENSG00000156299,0.529,0.02,ENSG00000156299_amide
ENSG00000111802,0.239,0.02,ENSG00000111802_amide
ENSG00000001084,-0.207,0.02,ENSG00000001084_amide
ENSG00000267519,0.338,0.02,ENSG00000267519_amide
ENSG00000169607,0.243,0.02,ENSG00000169607_amide
ENSG00000188021,-0.255,0.02,ENSG00000188021_amide
ENSG00000102910,0.225,0.02,ENSG00000102910_amide
ENSG00000197451,-0.231,0.02,ENSG00000197451_amide
ENSG00000117394,-0.216,0.02,ENSG00000117394_amide
ENSG00000121058,-0.296,0.02,ENSG00000121058_amide
ENSG00000011566,-0.331,0.02,ENSG00000011566_amide
ENSG00000130202,0.399,0.02,ENSG00000130202_amide
ENSG00000119729,-0.197,0.02,ENSG00000119729_amide
ENSG00000110047,0.298,0.02,ENSG00000110047_amide
ENSG00000006607,-0.214,0.02,ENSG00000006607_amide
ENSG00000111206,-0.16,0.02,ENSG00000111206_amide
ENSG00000139874,-0.232,0.02,ENSG00000139874_amide
ENSG00000205730,-0.223,0.02,ENSG00000205730_amide
ENSG00000096080,-0.291,0.02,ENSG00000096080_amide
ENSG00000166451,-0.239,0.02,ENSG00000166451_amide
ENSG00000184867,0.206,0.02,ENSG00000184867_amide
ENSG00000249306,0.473,0.02,ENSG00000249306_amide
ENSG00000100410,-0.28,0.02,ENSG00000100410_amide
ENSG00000000971,0.264,0.02,ENSG00000000971_amide
ENSG00000197860,0.28,0.02,ENSG00000197860_amide
ENSG00000132388,-0.264,0.02,ENSG00000132388_amide
ENSG00000188211,-0.207,0.02,ENSG00000188211_amide
ENSG00000129968,0.414,0.02,ENSG00000129968_amide
ENSG00000064703,-0.257,0.02,ENSG00000064703_amide
ENSG00000129354,0.55,0.02,ENSG00000129354_amide
ENSG00000142534,0.333,0.02,ENSG00000142534_amide
ENSG00000106617,-0.429,0.02,ENSG00000106617_amide
ENSG00000174444,0.301,0.02,ENSG00000174444_amide
ENSG00000135362,0.307,0.02,ENSG00000135362_amide
ENSG00000175895,-0.414,0.02,ENSG00000175895_amide
ENSG00000118432,0.531,0.02,ENSG00000118432_amide
ENSG00000140332,0.189,0.02,ENSG00000140332_amide
ENSG00000120885,0.175,0.02,ENSG00000120885_amide
ENSG00000167191,-0.457,0.02,ENSG00000167191_amide
ENSG00000011422,0.24,0.02,ENSG00000011422_amide
ENSG00000092969,-0.25,0.02,ENSG00000092969_amide
ENSG00000198722,0.224,0.02,ENSG00000198722_amide
ENSG00000170234,0.318,0.02,ENSG00000170234_amide
ENSG00000118961,0.392,0.02,ENSG00000118961_amide
ENSG00000076351,-0.326,0.02,ENSG00000076351_amide
ENSG00000145241,-0.354,0.02,ENSG00000145241_amide
ENSG00000120756,-0.517,0.02,ENSG00000120756_amide
ENSG00000196914,-0.164,0.02,ENSG00000196914_amide
ENSG00000105976,-0.139,0.02,ENSG00000105976_amide
ENSG00000201098,-1.049,0.02,ENSG00000201098_amide
ENSG00000151292,-0.239,0.02,ENSG00000151292_amide
ENSG00000152332,0.179,0.02,ENSG00000152332_amide
ENSG00000120333,0.477,0.02,ENSG00000120333_amide
ENSG00000015171,0.233,0.02,ENSG00000015171_amide
ENSG00000162851,-0.319,0.02,ENSG00000162851_amide
ENSG00000163006,-0.383,0.03,ENSG00000163006_amide
ENSG00000166900,-0.248,0.03,ENSG00000166900_amide
ENSG00000213341,0.284,0.03,ENSG00000213341_amide
ENSG00000172845,0.235,0.03,ENSG00000172845_amide
ENSG00000135111,-0.293,0.03,ENSG00000135111_amide
ENSG00000070882,0.275,0.03,ENSG00000070882_amide
ENSG00000131263,-0.22,0.03,ENSG00000131263_amide
ENSG00000106853,0.295,0.03,ENSG00000106853_amide
ENSG00000173726,-0.14,0.03,ENSG00000173726_amide
ENSG00000118762,0.284,0.03,ENSG00000118762_amide
ENSG00000181634,0.479,0.03,ENSG00000181634_amide
ENSG00000111371,-0.155,0.03,ENSG00000111371_amide
ENSG00000162702,-0.238,0.03,ENSG00000162702_amide
ENSG00000201558,0.514,0.03,ENSG00000201558_amide
ENSG00000136450,-0.18,0.03,ENSG00000136450_amide
ENSG00000133816,0.236,0.03,ENSG00000133816_amide
ENSG00000159459,0.195,0.03,ENSG00000159459_amide
ENSG00000130312,-0.454,0.03,ENSG00000130312_amide
ENSG00000085872,0.235,0.03,ENSG00000085872_amide
ENSG00000204054,0.22,0.03,ENSG00000204054_amide
ENSG00000186205,-0.317,0.03,ENSG00000186205_amide
ENSG00000079974,-0.363,0.03,ENSG00000079974_amide
ENSG00000183431,-0.205,0.03,ENSG00000183431_amide
ENSG00000075213,0.313,0.03,ENSG00000075213_amide
ENSG00000117906,0.293,0.03,ENSG00000117906_amide
ENSG00000102781,-0.286,0.03,ENSG00000102781_amide
ENSG00000130332,0.455,0.03,ENSG00000130332_amide
ENSG00000152127,-0.226,0.03,ENSG00000152127_amide
ENSG00000082898,-0.165,0.03,ENSG00000082898_amide
ENSG00000178718,-0.27,0.03,ENSG00000178718_amide
ENSG00000278845,0.29,0.03,ENSG00000278845_amide
ENSG00000120948,-0.29,0.03,ENSG00000120948_amide
ENSG00000091542,-0.245,0.03,ENSG00000091542_amide
ENSG00000149600,0.342,0.03,ENSG00000149600_amide
ENSG00000168014,-0.203,0.03,ENSG00000168014_amide
ENSG00000196911,0.389,0.03,ENSG00000196911_amide
ENSG00000065413,0.249,0.03,ENSG00000065413_amide
ENSG00000006695,-0.253,0.03,ENSG00000006695_amide
ENSG00000185803,0.882,0.03,ENSG00000185803_amide
ENSG00000143155,-0.294,0.03,ENSG00000143155_amide
ENSG00000069399,0.209,0.03,ENSG00000069399_amide
ENSG00000150540,0.399,0.03,ENSG00000150540_amide
ENSG00000139977,-0.297,0.03,ENSG00000139977_amide
ENSG00000152457,-0.291,0.03,ENSG00000152457_amide
ENSG00000116754,-0.186,0.03,ENSG00000116754_amide
ENSG00000166340,-0.309,0.03,ENSG00000166340_amide
ENSG00000146374,0.439,0.03,ENSG00000146374_amide
ENSG00000081277,0.559,0.03,ENSG00000081277_amide
ENSG00000163565,-0.25,0.03,ENSG00000163565_amide
ENSG00000123144,-0.207,0.03,ENSG00000123144_amide
ENSG00000141385,0.323,0.03,ENSG00000141385_amide
ENSG00000137992,-0.254,0.03,ENSG00000137992_amide
ENSG00000169180,-0.174,0.03,ENSG00000169180_amide
ENSG00000198604,0.236,0.03,ENSG00000198604_amide
ENSG00000155975,-0.258,0.03,ENSG00000155975_amide
ENSG00000050393,-0.224,0.03,ENSG00000050393_amide
ENSG00000024422,-0.162,0.03,ENSG00000024422_amide
ENSG00000187097,-0.373,0.03,ENSG00000187097_amide
ENSG00000006576,-0.237,0.03,ENSG00000006576_amide
ENSG00000169375,0.174,0.03,ENSG00000169375_amide
ENSG00000115919,0.206,0.03,ENSG00000115919_amide
ENSG00000136938,-0.213,0.03,ENSG00000136938_amide
ENSG00000188610,-0.49,0.03,ENSG00000188610_amide
ENSG00000064115,-0.216,0.03,ENSG00000064115_amide
ENSG00000102316,0.305,0.03,ENSG00000102316_amide
ENSG00000163291,-0.257,0.03,ENSG00000163291_amide
ENSG00000104067,0.192,0.03,ENSG00000104067_amide
ENSG00000065559,0.285,0.03,ENSG00000065559_amide
ENSG00000050820,0.438,0.03,ENSG00000050820_amide
ENSG00000202538,-1.171,0.03,ENSG00000202538_amide
ENSG00000144043,-0.262,0.03,ENSG00000144043_amide
ENSG00000226564,-0.572,0.03,ENSG00000226564_amide
ENSG00000204356,0.342,0.03,ENSG00000204356_amide
ENSG00000130741,-0.123,0.03,ENSG00000130741_amide
ENSG00000140092,0.224,0.03,ENSG00000140092_amide
ENSG00000124313,0.475,0.03,ENSG00000124313_amide
ENSG00000145293,0.278,0.03,ENSG00000145293_amide
ENSG00000179820,0.242,0.03,ENSG00000179820_amide
ENSG00000163558,-0.221,0.03,ENSG00000163558_amide
ENSG00000215301,0.21,0.03,ENSG00000215301_amide
ENSG00000008130,0.336,0.03,ENSG00000008130_amide
ENSG00000133226,-0.146,0.03,ENSG00000133226_amide
ENSG00000101654,-0.227,0.03,ENSG00000101654_amide
ENSG00000150907,-0.374,0.03,ENSG00000150907_amide
ENSG00000135655,-0.204,0.03,ENSG00000135655_amide
ENSG00000044115,0.271,0.03,ENSG00000044115_amide
ENSG00000107651,0.195,0.03,ENSG00000107651_amide
ENSG00000177917,-0.438,0.03,ENSG00000177917_amide
ENSG00000146535,0.246,0.03,ENSG00000146535_amide
ENSG00000198646,0.182,0.03,ENSG00000198646_amide
ENSG00000161526,0.309,0.03,ENSG00000161526_amide
ENSG00000134709,0.425,0.03,ENSG00000134709_amide
ENSG00000167258,-0.148,0.03,ENSG00000167258_amide
ENSG00000166197,0.221,0.03,ENSG00000166197_amide
ENSG00000063322,-0.251,0.03,ENSG00000063322_amide
ENSG00000109586,-0.153,0.03,ENSG00000109586_amide
ENSG00000110925,-0.287,0.03,ENSG00000110925_amide
ENSG00000174405,0.368,0.03,ENSG00000174405_amide
ENSG00000136021,-0.208,0.03,ENSG00000136021_amide
ENSG00000121879,0.256,0.03,ENSG00000121879_amide
ENSG00000125741,-0.239,0.03,ENSG00000125741_amide
ENSG00000185650,-0.22,0.03,ENSG00000185650_amide
ENSG00000197565,0.27,0.03,ENSG00000197565_amide
ENSG00000188493,-0.361,0.03,ENSG00000188493_amide
ENSG00000148429,-0.249,0.03,ENSG00000148429_amide
ENSG00000161202,-0.188,0.03,ENSG00000161202_amide
ENSG00000163378,-0.263,0.03,ENSG00000163378_amide
ENSG00000127824,0.258,0.03,ENSG00000127824_amide
ENSG00000149136,0.254,0.03,ENSG00000149136_amide
ENSG00000172331,0.339,0.03,ENSG00000172331_amide
ENSG00000025796,-0.18,0.03,ENSG00000025796_amide
ENSG00000182718,0.265,0.03,ENSG00000182718_amide
ENSG00000125257,-0.205,0.03,ENSG00000125257_amide
ENSG00000122863,0.224,0.03,ENSG00000122863_amide
ENSG00000144036,-0.276,0.03,ENSG00000144036_amide
ENSG00000153767,0.396,0.03,ENSG00000153767_amide
ENSG00000061676,0.155,0.03,ENSG00000061676_amide
ENSG00000117054,-0.255,0.04,ENSG00000117054_amide
ENSG00000103966,0.179,0.04,ENSG00000103966_amide
ENSG00000092621,0.287,0.04,ENSG00000092621_amide
ENSG00000140575,-0.122,0.04,ENSG00000140575_amide
ENSG00000175548,-0.332,0.04,ENSG00000175548_amide
ENSG00000180573,0.377,0.04,ENSG00000180573_amide
ENSG00000168792,0.446,0.04,ENSG00000168792_amide
ENSG00000106537,-0.505,0.04,ENSG00000106537_amide
ENSG00000198018,0.21,0.04,ENSG00000198018_amide
ENSG00000173083,-0.585,0.04,ENSG00000173083_amide
ENSG00000106571,-0.246,0.04,ENSG00000106571_amide
ENSG00000198876,-0.156,0.04,ENSG00000198876_amide
ENSG00000135999,-0.274,0.04,ENSG00000135999_amide
ENSG00000173409,-0.398,0.04,ENSG00000173409_amide
ENSG00000125676,-0.163,0.04,ENSG00000125676_amide
ENSG00000134419,-0.338,0.04,ENSG00000134419_amide
ENSG00000135905,-0.224,0.04,ENSG00000135905_amide
ENSG00000109084,-0.175,0.04,ENSG00000109084_amide
ENSG00000197321,0.254,0.04,ENSG00000197321_amide
ENSG00000122565,0.232,0.04,ENSG00000122565_amide
ENSG00000178980,0.276,0.04,ENSG00000178980_amide
ENSG00000144711,0.286,0.04,ENSG00000144711_amide
ENSG00000101161,0.327,0.04,ENSG00000101161_amide
ENSG00000164402,0.289,0.04,ENSG00000164402_amide
ENSG00000240891,-0.263,0.04,ENSG00000240891_amide
ENSG00000122643,-0.275,0.04,ENSG00000122643_amide
ENSG00000213024,-0.186,0.04,ENSG00000213024_amide
ENSG00000116127,-0.165,0.04,ENSG00000116127_amide
ENSG00000114867,0.169,0.04,ENSG00000114867_amide
ENSG00000067182,0.172,0.04,ENSG00000067182_amide
ENSG00000114127,0.22,0.04,ENSG00000114127_amide
ENSG00000079805,0.274,0.04,ENSG00000079805_amide
ENSG00000166510,0.446,0.04,ENSG00000166510_amide
ENSG00000196961,0.28,0.04,ENSG00000196961_amide
ENSG00000066629,0.454,0.04,ENSG00000066629_amide
ENSG00000135776,0.39,0.04,ENSG00000135776_amide
ENSG00000144283,-0.167,0.04,ENSG00000144283_amide
ENSG00000186073,-0.35,0.04,ENSG00000186073_amide
ENSG00000039123,0.239,0.04,ENSG00000039123_amide
ENSG00000128228,0.623,0.04,ENSG00000128228_amide
ENSG00000165055,-0.217,0.04,ENSG00000165055_amide
ENSG00000160710,-0.169,0.04,ENSG00000160710_amide
ENSG00000172469,-0.337,0.04,ENSG00000172469_amide
ENSG00000165661,0.192,0.04,ENSG00000165661_amide
ENSG00000182010,0.405,0.04,ENSG00000182010_amide
ENSG00000203950,-0.233,0.04,ENSG00000203950_amide
ENSG00000132383,0.281,0.04,ENSG00000132383_amide
ENSG00000143344,0.49,0.04,ENSG00000143344_amide
ENSG00000114767,-0.31,0.04,ENSG00000114767_amide
ENSG00000186834,-0.265,0.04,ENSG00000186834_amide
ENSG00000048828,-0.174,0.04,ENSG00000048828_amide
ENSG00000136636,0.245,0.04,ENSG00000136636_amide
ENSG00000013563,0.355,0.04,ENSG00000013563_amide
ENSG00000159788,0.48,0.04,ENSG00000159788_amide
ENSG00000162971,-0.369,0.04,ENSG00000162971_amide
ENSG00000113645,-0.178,0.04,ENSG00000113645_amide
ENSG00000173120,0.195,0.04,ENSG00000173120_amide
ENSG00000167468,0.364,0.04,ENSG00000167468_amide
ENSG00000162972,0.497,0.04,ENSG00000162972_amide
ENSG00000167524,-0.587,0.04,ENSG00000167524_amide
ENSG00000106799,0.229,0.04,ENSG00000106799_amide
ENSG00000185222,-0.251,0.04,ENSG00000185222_amide
ENSG00000130733,0.279,0.04,ENSG00000130733_amide
ENSG00000153179,0.224,0.04,ENSG00000153179_amide
ENSG00000115295,0.213,0.04,ENSG00000115295_amide
ENSG00000178966,-0.317,0.04,ENSG00000178966_amide
ENSG00000177169,0.259,0.04,ENSG00000177169_amide
ENSG00000187514,-0.148,0.04,ENSG00000187514_amide
ENSG00000107566,-0.249,0.04,ENSG00000107566_amide
ENSG00000134086,-0.233,0.04,ENSG00000134086_amide
ENSG00000148516,-0.238,0.04,ENSG00000148516_amide
ENSG00000121281,0.275,0.04,ENSG00000121281_amide
ENSG00000066735,-0.383,0.04,ENSG00000066735_amide
ENSG00000198695,-1.189,0.04,ENSG00000198695_amide
ENSG00000234771,-0.519,0.04,ENSG00000234771_amide
ENSG00000111707,0.269,0.04,ENSG00000111707_amide
ENSG00000109099,-0.243,0.04,ENSG00000109099_amide
ENSG00000197375,-0.223,0.04,ENSG00000197375_amide
ENSG00000159202,-0.128,0.04,ENSG00000159202_amide
ENSG00000130707,0.261,0.04,ENSG00000130707_amide
ENSG00000205413,-0.217,0.04,ENSG00000205413_amide
ENSG00000131844,-0.21,0.04,ENSG00000131844_amide
ENSG00000163001,0.416,0.04,ENSG00000163001_amide
ENSG00000270722,-0.549,0.04,ENSG00000270722_amide
ENSG00000196935,-0.204,0.04,ENSG00000196935_amide
ENSG00000135272,-0.275,0.04,ENSG00000135272_amide
ENSG00000198053,0.443,0.04,ENSG00000198053_amide
ENSG00000068308,0.217,0.04,ENSG00000068308_amide
ENSG00000112739,0.225,0.04,ENSG00000112739_amide
ENSG00000102854,0.305,0.04,ENSG00000102854_amide
ENSG00000217128,0.166,0.04,ENSG00000217128_amide
ENSG00000101670,0.533,0.04,ENSG00000101670_amide
ENSG00000198718,-0.256,0.04,ENSG00000198718_amide
ENSG00000132953,-0.181,0.04,ENSG00000132953_amide
ENSG00000171992,-0.24,0.04,ENSG00000171992_amide
ENSG00000166860,0.423,0.04,ENSG00000166860_amide
ENSG00000172936,0.271,0.04,ENSG00000172936_amide
ENSG00000197714,-0.186,0.04,ENSG00000197714_amide
ENSG00000168803,-0.36,0.04,ENSG00000168803_amide
ENSG00000119707,0.191,0.04,ENSG00000119707_amide
ENSG00000120616,-0.219,0.04,ENSG00000120616_amide
ENSG00000147883,0.194,0.04,ENSG00000147883_amide
ENSG00000169635,-0.488,0.04,ENSG00000169635_amide
ENSG00000134900,-0.164,0.04,ENSG00000134900_amide
ENSG00000172216,0.32,0.04,ENSG00000172216_amide
ENSG00000123610,0.463,0.04,ENSG00000123610_amide
ENSG00000006634,-0.274,0.04,ENSG00000006634_amide
ENSG00000172115,-0.193,0.04,ENSG00000172115_amide
ENSG00000116044,-0.154,0.04,ENSG00000116044_amide
ENSG00000168487,0.21,0.04,ENSG00000168487_amide
ENSG00000128908,0.219,0.04,ENSG00000128908_amide
ENSG00000167962,0.259,0.04,ENSG00000167962_amide
ENSG00000129493,-0.214,0.04,ENSG00000129493_amide
ENSG00000171865,-0.266,0.04,ENSG00000171865_amide
ENSG00000255302,-0.268,0.04,ENSG00000255302_amide
ENSG00000166444,0.271,0.05,ENSG00000166444_amide
ENSG00000081913,-0.283,0.05,ENSG00000081913_amide
ENSG00000136824,-0.175,0.05,ENSG00000136824_amide
ENSG00000126698,-0.204,0.05,ENSG00000126698_amide
ENSG00000165801,0.343,0.05,ENSG00000165801_amide
ENSG00000157064,-0.352,0.05,ENSG00000157064_amide
ENSG00000117360,-0.188,0.05,ENSG00000117360_amide
ENSG00000116604,-0.187,0.05,ENSG00000116604_amide
ENSG00000114648,0.294,0.05,ENSG00000114648_amide
ENSG00000140937,0.528,0.05,ENSG00000140937_amide
ENSG00000004799,-0.193,0.05,ENSG00000004799_amide
ENSG00000202515,-0.443,0.05,ENSG00000202515_amide
ENSG00000242802,0.336,0.05,ENSG00000242802_amide
ENSG00000104522,0.329,0.05,ENSG00000104522_amide
ENSG00000157445,0.341,0.05,ENSG00000157445_amide
ENSG00000123358,0.22,0.05,ENSG00000123358_amide
ENSG00000123983,-0.165,0.05,ENSG00000123983_amide
ENSG00000113638,0.271,0.05,ENSG00000113638_amide
ENSG00000173611,-0.282,0.05,ENSG00000173611_amide
ENSG00000278259,0.31,0.05,ENSG00000278259_amide
ENSG00000109534,-0.351,0.05,ENSG00000109534_amide
ENSG00000157212,-0.258,0.05,ENSG00000157212_amide
ENSG00000066697,-0.202,0.05,ENSG00000066697_amide
ENSG00000113621,-0.254,0.05,ENSG00000113621_amide
ENSG00000141448,-0.232,0.05,ENSG00000141448_amide
ENSG00000169057,-0.186,0.05,ENSG00000169057_amide
ENSG00000140743,0.472,0.05,ENSG00000140743_amide
ENSG00000134470,0.49,0.05,ENSG00000134470_amide
ENSG00000165480,-0.35,0.05,ENSG00000165480_amide
ENSG00000160124,-0.267,0.05,ENSG00000160124_amide
ENSG00000118454,0.244,0.05,ENSG00000118454_amide
ENSG00000162522,0.153,0.05,ENSG00000162522_amide
ENSG00000086598,-0.125,0.05,ENSG00000086598_amide
ENSG00000116198,-0.231,0.05,ENSG00000116198_amide
ENSG00000163659,0.201,0.05,ENSG00000163659_amide
ENSG00000280347,-0.424,0.05,ENSG00000280347_amide
ENSG00000162368,0.183,0.05,ENSG00000162368_amide
ENSG00000101333,-0.268,0.05,ENSG00000101333_amide
ENSG00000165300,-0.298,0.05,ENSG00000165300_amide
ENSG00000239306,-0.17,0.05,ENSG00000239306_amide
ENSG00000157193,0.199,0.05,ENSG00000157193_amide
ENSG00000162384,-0.369,0.05,ENSG00000162384_amide
ENSG00000117899,-0.267,0.05,ENSG00000117899_amide
ENSG00000136235,-0.324,0.05,ENSG00000136235_amide
ENSG00000154153,-0.373,0.05,ENSG00000154153_amide
ENSG00000118680,-0.138,0.05,ENSG00000118680_amide
ENSG00000166073,-0.336,0.05,ENSG00000166073_amide
ENSG00000116918,0.396,0.05,ENSG00000116918_amide
ENSG00000240344,-0.249,0.05,ENSG00000240344_amide
ENSG00000125534,0.303,0.05,ENSG00000125534_amide
ENSG00000189043,-0.184,0.05,ENSG00000189043_amide
ENSG00000100028,-0.243,0.05,ENSG00000100028_amide
ENSG00000138381,0.45,0.05,ENSG00000138381_amide
ENSG00000198727,-0.289,0.05,ENSG00000198727_amide
ENSG00000134278,0.199,0.05,ENSG00000134278_amide
ENSG00000103187,-0.151,0.05,ENSG00000103187_amide
ENSG00000136231,0.138,0.05,ENSG00000136231_amide
ENSG00000143924,-0.167,0.05,ENSG00000143924_amide
ENSG00000263731,-0.263,0.05,ENSG00000263731_amide
ENSG00000069020,0.217,0.05,ENSG00000069020_amide
ENSG00000197442,0.294,0.05,ENSG00000197442_amide
ENSG00000130066,0.226,0.05,ENSG00000130066_amide
ENSG00000168496,0.252,0.05,ENSG00000168496_amide
ENSG00000146083,-0.223,0.05,ENSG00000146083_amide
ENSG00000136869,0.249,0.05,ENSG00000136869_amide
ENSG00000146729,-0.25,0.05,ENSG00000146729_amide
ENSG00000175376,-0.231,0.05,ENSG00000175376_amide
ENSG00000210194,-1.55,0.05,ENSG00000210194_amide
ENSG00000162695,-0.182,0.05,ENSG00000162695_amide
ENSG00000169926,0.371,0.05,ENSG00000169926_amide
ENSG00000039523,-0.205,0.05,ENSG00000039523_amide
ENSG00000177707,0.209,0.05,ENSG00000177707_amide
ENSG00000170345,0.333,0.05,ENSG00000170345_amide
ENSG00000129657,-0.169,0.05,ENSG00000129657_amide
ENSG00000260196,-0.393,0.05,ENSG00000260196_amide
ENSG00000184371,0.205,0.05,ENSG00000184371_amide
ENSG00000123636,-0.239,0.05,ENSG00000123636_amide
ENSG00000170340,0.292,0.05,ENSG00000170340_amide
ENSG00000171155,-0.274,0.05,ENSG00000171155_amide
ENSG00000176953,-0.174,0.05,ENSG00000176953_amide
ENSG00000137776,0.239,0.05,ENSG00000137776_amide
ENSG00000173852,-0.154,0.05,ENSG00000173852_amide
ENSG00000117481,-0.216,0.05,ENSG00000117481_amide
ENSG00000116489,-0.117,0.05,ENSG00000116489_amide
ENSG00000047365,0.261,0.05,ENSG00000047365_amide
ENSG00000137210,-0.247,0.05,ENSG00000137210_amide
ENSG00000237973,-0.536,0.05,ENSG00000237973_amide
ENSG00000166783,0.226,0.05,ENSG00000166783_amide
ENSG00000005075,0.231,0.05,ENSG00000005075_amide
ENSG00000124209,0.188,0.05,ENSG00000124209_amide
ENSG00000099810,0.196,0.05,ENSG00000099810_amide
ENSG00000123094,-0.194,0.05,ENSG00000123094_amide
ENSG00000165671,-0.159,0.05,ENSG00000165671_amide
ENSG00000030582,0.194,0.05,ENSG00000030582_amide
ENSG00000143537,0.292,0.05,ENSG00000143537_amide
