comp_name,23,24,25,26,27,28,29,30,31,32,33,34,35,36,37,38,39,40,41,42,43,44,45,46,47,48,49,50,51,52,53,54,55,56,57,58,59,60,61,62,63,64,65,66,67,68,69,70,71,72,73,74,75,76,77,78,79,80,81,82,83,84,85,86,87,88,89,90,91,92,93,94,95,96,97,98,99,100,101,102,103,104,105,106,107,108,109,110,111,112,113,114,115,116,117,118,119,127,128,129,130,131,132,133,134,135,136,137,138,139,140,141,142,143,144,145,146,147,148,149,150,151,152,153,154,155,156,157,158,159,160,161,162,163,164,165,166,167,168,169,170,171,172,173,174,175,176,177,178,179,180,181,182,183,184,185,189,190,191,192,193,194,195,196,197,198,199,200,201,202,203,204,205,206,207,208,209,210,211,212,213,214,215,216,217,218,219,220,221,222,223,224,225,226,227,228,229,230,231,232,233,234,235,236,237,238,239,240,241,242,243,244,248,249,250,251,252,253,254,255,256,257,258,259,260,261,262,263,264,265,266,267,268,269,270,271,272,276,277,278,279,280,281,282,283,284,285,286,287,288,289,290,291,292,293,294,295,296,297,298,299,300,301,302,303,304,305,306,307,308,309,310,311,312,313,314,315,316,317,318,319,320,321,322,323,324,325,326,327,328,329,330,331,332,333,334,335,336,337,338,339,340,341,342,343,344,345,346,347,348,349,350,351,352,353,354,355,356,357,358,359,360,361,362,363,364,365,366,367,368,369,370,371,372,373,374,375,376,377,378,379,380,381,382,383,384,385,386,387,388,389,390,391,392,393,394,395,396,397,398,399,400,401,402,403,404,405,406,407,408,409,410,411,412,413,414,415,416,417,418,419,420,421,422,423,424,425,426,427,428,429,430,431,432,433,434,435,436,437,438,439,440,441,442,443,444,445,446,447,448,449,450,451,452,453,454,455,456,457,458,459,460,461,462,463,464,465,466,467,468,469,470,471,472,473,474,475,476,477,478,479,480,481,482,483,484,485,486,487,488,489,490,491,492,493,494,495,496,497,498,499,500,501,502,503,504,505,506,507,508,509,510,511,512,513,514,515,516,517,518,519,520,521,522,523,524,525,526,527,528,529,530,531,532,533,534,535,536,537,538,539,540,541,542,543,544,545,546,547,548,549,550,551,552,553,554,555,556,557,558,559,560,561,562,563,564,565,566,567,568,569,570,571,572,573,574,575,576,577,578,579,580,581,582,583,584,585,586,587,588,589,590,591,592,593,594,595,596,597,598,599,600,601,602,607,608,609,610,611,612,613,614,615,616,617,618,619,620,621,622,623,624,625,626,627,628,629,630,631,632,633,634,635,636,637,638,639,640,641,642,643,644,645,646,647,648,649,650,651,652,653,654,655,656,657,658,659,660,661,662,663,664,665,666,667,668,669,670,671,672,673,674,675,676,677,678,679,680,681,682,683,684,685,686,687,688,689,690,691,692,693,694,695,696,697,698,699,700,701,702,703,704,705,706,707,708,709,710,711,712,713,714,715,716,717,718,719,720,721,722,723,724,725,726,727,728,729,730,731,732,733,734,735,736,737,738,739,740,741,742,743,744,745,746,747,748,749,750,751,752,753,754,755,756,757,758,759,760,761,762,763,764,765,766,767,768,769,770,771,772,773,774,775,776,777,778,779,780,781,782,783,784,785,786,787,788,789,790,791,792,793,794,795,796,797,798,799,800,801,802,803,804,805,806,807,808,809,810,811,812,813,814,815,816,817,818,819,820,837,838,839,840,841,842,843,844,845,846,847,848,849,850,851,852,853,854,855,856,857,858,log2FC
ENSG00000000003_amide,85,83,92,104,84,59,29,77,87,26,26,18,87,59,57,82,40,34,89,46,81,70,107,53,84,79,85,109,86,187,172,174,170,154,134,119,122,135,120,119,130,110,103,118,144,169,164,151,134,132,135,120,113,122,94,82,84,82,70,50,53,61,13,55,93,84,136,64,69,26,74,77,80,117,128,115,106,88,96,102,114,155,127,95,37,138,107,100,75,92,79,87,62,74,74,102,114,114,121,113,98,128,167,186,175,175,174,164,175,153,135,166,166,143,131,156,106,76,111,102,115,138,143,144,149,158,169,170,183,177,161,136,94,90,104,69,99,129,112,141,146,146,155,181,188,187,186,197,104,138,184,156,180,184,177,184,181,182,187,182,180,192,202,194,196,187,173,172,168,128,146,162,143,124,121,126,142,155,117,113,107,104,114,68,101,84,131,166,178,193,201,205,198,199,193,198,200,200,197,197,196,195,194,191,193,195,192,191,193,200,201,195,200,201,204,203,202,205,204,201,205,208,207,205,205,200,209,208,210,206,205,205,203,208,207,211,204,207,205,209,209,209,201,205,205,206,205,205,203,203,204,203,202,204,206,208,209,209,209,209,207,204,206,207,201,203,205,205,206,206,206,206,205,205,206,206,205,203,205,206,206,201,198,199,201,203,204,204,207,207,206,206,207,199,198,202,202,197,206,210,208,208,200,202,206,206,201,201,202,197,198,196,203,205,181,184,184,180,178,162,161,167,151,138,155,160,124,119,139,137,123,127,106,70,100,115,98,110,117,123,111,149,161,146,129,140,121,81,93,105,73,69,62,55,73,71,66,66,69,120,109,96,76,104,97,68,67,64,91,73,79,99,85,100,63,35,77,76,87,67,60,57,85,151,148,117,54,45,109,40,30,30,62,120,89,52,89,78,123,151,145,114,104,70,64,93,91,58,85,48,47,36,36,43,67,70,89,105,137,131,109,111,120,105,109,96,109,112,101,99,84,68,31,80,71,62,109,68,70,46,67,50,95,108,86,70,83,131,76,97,84,56,55,69,49,53,41,74,113,76,89,79,57,68,68,57,60,40,39,95,78,60,76,45,71,47,34,48,62,64,76,63,60,94,90,141,171,98,78,64,84,76,47,42,67,73,19,50,62,64,74,60,69,100,91,80,92,81,106,152,138,120,122,142,154,128,103,54,34,82,72,92,96,82,42,56,92,98,79,95,113,104,98,79,50,76,89,109,107,120,97,118,135,164,146,159,153,154,155,115,116,98,110,106,96,121,137,106,104,109,137,139,110,54,118,112,99,122,121,117,115,112,115,110,109,103,97,84,81,75,126,152,150,116,129,121,126,127,129,108,100,96,119,134,147,139,120,116,135,121,127,124,120,125,135,112,125,135,132,130,140,148,144,143,143,99,120,100,90,93,103,89,104,121,105,90,131,149,134,107,97,103,105,89,106,129,136,126,126,130,119,116,112,129,116,125,121,120,123,128,130,117,130,139,109,109,94,107,92,94,98,88,79,86,53,32,69,108,87,101,130,122,79,77,64,51,97,117,51,74,70,118,90,86,77,77,89,85,58,72,34,55,70,93,102,75,79,79,65,88,141,128,94,66,54,98,94,69,47,138,136,131,145,126,161,150,143,111,55,19,57,84,66,67,63,105,75,69,98,132,99,68,37,55,68,92,86,46,81,68,103,83,72,114,50,61,121,93,93,40,65,61,41,72,69,87,107,51,90,55,80,113,119,110,103,110,100,84,69,76,80,107,102,73,45,97,119,122,130,81,115,114,119,134,137,134,135,106,107,77,84,128,174,117,127,78,58,86,127,77,-0.1571
ENSG00000000419_amide,108,113,97,76,78,75,42,89,95,33,61,55,37,48,18,109,30,27,61,73,97,98,132,100,126,114,127,124,106,206,200,185,159,149,127,126,117,149,141,141,149,130,131,151,182,188,187,173,165,168,160,147,148,155,135,124,121,130,116,104,98,98,56,65,54,49,78,82,47,89,96,111,139,157,175,176,142,122,111,144,142,111,113,141,110,135,115,110,89,78,56,79,75,98,98,124,129,139,136,132,107,130,174,188,180,181,178,178,160,154,148,165,165,113,136,188,160,80,109,103,104,127,130,140,180,182,170,173,171,148,141,111,101,95,94,57,42,118,107,139,142,137,150,182,206,205,190,161,87,96,163,170,193,208,208,210,206,204,204,198,192,204,217,222,234,232,220,194,156,105,101,96,68,95,90,89,102,107,93,97,106,102,110,93,58,68,159,203,235,231,234,227,215,212,206,208,213,215,219,218,219,219,220,222,224,214,209,214,215,217,215,209,212,213,215,215,215,214,214,212,214,219,219,218,221,215,215,215,220,216,211,207,208,208,207,203,200,200,198,202,203,204,204,206,207,209,209,208,209,210,207,203,203,204,203,202,197,199,196,197,195,193,195,197,197,199,200,203,205,207,206,203,205,207,203,202,202,202,208,211,211,205,202,203,204,205,206,207,207,206,207,205,205,197,200,197,200,197,202,206,208,208,205,204,208,216,208,208,209,205,210,212,217,225,186,205,202,195,196,189,193,200,192,179,194,199,164,159,182,168,131,107,98,84,119,137,137,141,145,121,116,141,145,151,136,153,132,87,138,144,116,84,100,117,117,119,130,132,115,90,109,104,86,68,129,102,83,56,83,71,94,63,101,32,87,83,73,167,125,99,112,97,95,133,91,100,75,58,130,130,105,69,114,94,63,74,40,104,98,84,76,36,62,47,24,68,58,63,96,83,93,120,61,29,52,40,63,75,81,78,72,76,78,66,70,72,51,56,47,57,71,72,24,43,65,73,102,80,92,54,100,99,90,97,76,72,105,133,91,90,71,68,50,20,9,29,34,41,88,88,37,30,40,59,61,51,38,78,82,87,97,133,101,84,79,54,95,83,99,67,62,39,44,46,54,72,97,95,67,47,58,55,27,23,35,36,24,55,52,39,48,53,58,28,51,59,43,51,75,104,84,63,58,95,116,99,68,59,25,75,104,72,88,99,57,74,114,108,91,75,73,35,48,34,30,91,122,139,125,128,74,110,115,145,147,121,117,118,123,131,133,116,120,115,95,98,110,98,93,94,97,100,73,33,89,92,75,82,76,94,114,97,102,105,114,125,106,89,106,51,77,120,117,103,104,101,104,72,83,87,80,80,101,107,118,108,98,106,117,109,107,105,109,111,118,118,120,120,110,102,111,114,105,95,105,98,100,126,136,113,121,116,93,113,116,111,88,67,75,83,81,59,73,79,106,117,117,108,104,106,88,97,106,119,99,110,126,132,113,114,121,122,117,126,98,123,131,110,90,108,96,92,98,124,86,59,44,117,121,90,83,94,78,69,63,46,49,70,80,69,78,140,122,62,89,82,87,57,24,50,53,44,29,70,66,30,81,39,41,81,139,146,121,100,49,81,44,62,56,64,68,105,135,114,61,74,99,154,113,78,69,91,52,50,56,86,37,52,83,109,117,82,72,108,139,111,80,55,78,43,42,37,36,84,22,22,85,61,113,112,147,45,56,28,32,46,68,31,66,70,85,89,104,102,104,98,99,84,77,81,81,92,103,24,44,101,98,104,131,59,93,85,79,96,96,97,100,84,81,26,31,51,110,66,86,35,36,46,65,48,0.1109
ENSG00000000457_amide,134,153,148,136,147,137,113,131,133,57,56,63,136,120,110,144,131,122,163,106,138,111,105,46,98,99,123,88,35,111,88,89,108,133,124,154,180,182,162,171,162,134,124,143,169,156,165,167,159,168,165,164,178,173,150,165,161,161,161,153,154,149,117,138,125,121,119,91,105,115,112,139,138,125,133,146,131,95,54,37,64,54,39,54,83,136,98,88,100,107,96,169,143,164,158,163,164,167,172,179,166,154,138,121,99,114,123,110,86,91,79,105,115,93,117,140,99,93,137,126,132,117,90,99,135,128,165,147,119,142,140,129,125,134,141,100,114,127,122,103,101,141,150,140,148,145,140,125,66,67,99,104,120,129,128,145,127,132,138,134,136,137,152,148,146,148,133,125,100,84,143,163,155,161,152,148,130,114,135,124,119,127,174,173,153,133,92,117,150,157,157,159,154,152,155,157,156,155,152,150,152,151,148,148,150,142,134,137,141,149,152,141,153,154,156,156,155,153,153,153,154,154,155,158,154,148,150,152,159,158,157,157,158,154,153,157,154,156,151,154,160,161,155,155,154,154,155,154,154,153,155,153,153,153,152,161,163,164,163,165,165,162,165,163,161,167,164,159,156,156,156,156,157,159,156,158,161,157,160,160,158,151,147,148,149,151,151,150,151,154,155,158,153,154,158,155,156,153,161,160,155,153,153,155,158,166,162,163,161,161,166,162,160,152,134,142,142,132,134,134,134,129,126,126,120,126,112,117,122,127,103,88,118,123,91,100,91,29,52,59,29,76,80,67,54,84,95,98,122,94,68,36,69,80,102,87,75,89,120,84,87,89,78,54,116,164,154,158,193,159,122,119,110,124,59,71,66,66,86,95,98,107,145,106,97,108,92,56,76,71,36,56,122,111,105,111,80,87,83,87,121,119,128,126,77,99,100,68,78,88,109,104,85,75,74,99,68,43,48,47,53,36,45,56,53,50,38,40,31,33,43,61,36,46,34,54,91,28,41,67,85,74,91,116,102,84,63,72,156,111,84,46,53,55,48,48,56,60,126,137,84,45,73,74,91,70,83,91,79,54,49,42,69,67,81,93,134,116,113,98,84,39,39,44,45,70,93,97,94,96,93,94,81,103,117,149,130,177,128,118,96,123,155,128,104,90,86,63,44,26,29,39,45,51,48,60,58,32,19,36,37,90,98,74,86,109,117,138,126,106,111,84,97,101,97,117,134,148,120,99,109,120,105,114,123,144,134,130,118,130,153,147,195,173,164,149,172,135,131,134,163,140,117,73,153,131,131,152,142,134,155,141,162,157,156,155,153,106,76,72,112,177,162,140,126,151,156,151,153,161,152,145,146,154,165,147,148,151,173,175,174,159,167,174,174,167,163,163,168,166,160,181,154,136,142,101,146,171,152,135,139,146,181,173,130,125,138,149,156,123,100,113,131,114,153,158,153,146,150,147,168,160,149,159,150,147,142,138,142,158,167,161,168,185,162,158,114,119,98,105,115,106,102,129,113,54,31,67,90,84,78,138,141,171,154,155,124,139,127,140,124,178,152,140,128,115,124,123,67,105,110,133,120,135,162,134,113,132,106,112,164,126,124,116,95,143,127,133,97,88,64,130,204,168,143,83,143,191,124,66,98,137,136,124,107,130,75,59,69,88,103,71,33,64,117,75,84,67,82,85,108,78,124,68,19,6,81,66,152,158,129,80,105,57,61,86,89,156,158,129,141,172,176,150,148,152,163,132,115,123,130,104,99,111,60,57,90,97,162,143,166,159,150,152,151,150,160,139,134,98,101,119,149,104,106,101,110,135,146,123,-0.091
ENSG00000000460_amide,166,173,152,125,130,116,83,86,81,45,51,11,100,151,170,177,161,154,148,129,149,154,151,105,139,120,113,90,55,121,119,137,158,168,155,175,190,184,189,201,202,166,147,162,196,194,198,199,190,188,198,195,178,186,191,204,215,187,182,184,169,182,180,170,195,167,118,123,140,156,139,148,184,183,187,185,173,148,78,49,43,94,119,97,98,139,119,40,60,44,66,142,128,161,152,177,166,210,212,204,187,203,185,177,142,134,132,110,143,139,124,158,156,129,156,183,132,126,156,140,148,155,106,96,144,159,186,164,103,133,158,148,133,118,134,112,97,112,126,137,144,173,181,169,164,171,168,156,85,99,143,138,152,166,160,156,159,157,156,157,160,169,177,173,181,169,158,140,100,76,86,87,120,180,159,139,167,145,139,141,170,152,168,140,116,78,101,142,167,185,192,187,178,176,174,171,173,172,172,170,171,172,173,172,171,168,163,166,169,176,172,164,175,176,178,178,177,176,177,176,177,179,183,185,179,172,179,181,187,185,185,185,185,183,181,181,181,181,180,184,186,186,180,178,178,179,178,177,178,178,179,181,183,177,180,181,183,184,187,187,191,189,189,187,186,179,176,179,177,180,179,178,179,180,178,179,183,184,182,182,180,173,169,171,172,174,176,178,178,179,175,177,176,176,178,179,182,183,186,185,182,176,171,173,180,183,178,179,184,175,179,181,187,181,154,172,167,162,164,153,151,150,139,128,135,134,131,131,130,130,159,143,142,133,42,86,99,56,89,74,86,116,108,107,101,121,132,124,88,123,96,72,106,129,155,122,103,112,130,81,122,124,92,53,10,65,115,142,84,131,136,139,134,156,62,78,70,102,126,117,104,78,120,85,126,155,79,66,159,147,109,91,188,156,121,76,57,135,108,114,116,102,102,109,64,81,64,78,99,100,61,59,64,46,48,62,72,49,55,53,63,93,80,77,96,88,71,65,52,61,64,84,22,64,62,17,99,47,47,32,76,124,129,84,59,29,111,71,95,65,49,44,31,37,31,63,90,96,105,107,109,53,62,69,77,49,61,63,60,81,76,84,66,77,56,44,75,90,66,67,60,66,67,75,61,95,94,88,88,71,84,98,88,82,90,126,109,125,105,83,88,115,139,100,103,99,110,44,66,79,90,101,104,131,161,145,128,73,27,71,105,47,56,96,76,64,65,126,120,129,117,97,117,84,89,110,116,140,143,140,159,107,96,109,97,107,145,151,140,149,162,151,161,165,157,160,178,180,186,194,197,183,143,100,183,156,148,178,183,190,187,165,181,173,175,188,175,110,50,107,108,161,153,154,175,178,171,179,175,174,170,164,169,177,180,164,155,172,194,201,191,180,181,199,202,166,184,192,196,185,187,199,178,174,197,179,170,175,160,150,161,167,189,213,222,192,203,166,195,171,133,142,175,164,203,189,181,173,191,178,177,174,181,192,157,170,191,193,180,179,173,173,175,178,136,160,132,155,144,153,154,164,200,161,126,96,74,57,98,142,142,194,154,158,128,133,99,134,130,190,186,174,114,96,138,148,191,173,125,98,89,167,141,142,149,136,113,141,108,110,150,130,151,149,117,155,144,147,130,165,126,105,83,92,104,147,176,161,126,71,120,152,120,135,124,157,98,107,122,127,131,86,50,71,89,96,83,39,54,57,62,42,82,96,102,55,110,73,145,143,107,56,103,98,116,115,120,107,122,136,176,195,196,201,174,169,158,151,149,147,167,148,122,147,110,48,90,99,199,165,176,179,166,165,164,183,176,156,153,137,137,137,158,114,122,106,89,98,151,106,-0.0794
ENSG00000000971_amide,145,127,120,125,148,126,85,147,174,87,61,42,47,72,69,86,132,101,123,91,134,133,117,55,89,93,74,55,55,75,87,97,95,107,98,126,142,191,197,198,201,142,173,167,167,155,169,186,187,194,195,190,196,199,187,190,194,186,175,162,164,174,151,153,183,152,142,119,114,158,145,145,154,159,145,130,107,77,75,64,76,67,67,60,86,59,127,111,104,94,102,169,159,191,175,185,177,195,196,187,200,171,139,120,89,82,90,87,76,84,64,98,125,103,125,150,109,73,108,104,108,135,128,137,135,100,162,161,88,122,152,138,128,140,153,132,136,168,160,152,156,173,153,147,163,167,145,115,57,62,134,150,153,146,156,169,167,155,163,170,168,174,176,168,163,157,161,162,116,110,83,82,83,111,92,88,66,82,111,47,90,105,119,109,110,59,76,100,124,149,172,180,172,171,168,170,175,175,179,176,177,174,175,175,174,167,160,165,169,174,171,159,174,177,180,181,180,176,175,172,176,175,173,169,173,171,175,174,172,173,174,175,178,174,174,171,175,175,170,170,170,175,171,173,175,176,175,174,173,172,172,170,169,168,168,173,175,175,172,172,172,170,173,172,176,172,172,173,173,175,175,174,174,176,174,174,173,171,180,178,175,167,164,166,171,174,174,174,173,171,169,173,170,168,165,163,167,169,173,176,173,168,164,166,171,172,169,168,170,174,174,163,158,161,150,165,165,154,158,156,155,163,163,161,160,158,136,135,126,123,108,101,152,169,127,138,126,70,90,114,100,115,122,122,121,152,158,128,132,133,113,127,143,143,148,130,129,107,100,26,102,104,121,60,119,86,112,156,168,119,121,121,166,158,71,37,37,83,122,110,118,118,133,92,92,140,104,78,87,115,71,92,138,137,96,31,116,167,138,138,123,116,125,125,72,106,71,98,111,112,102,97,102,84,55,48,63,42,50,36,42,37,70,56,58,56,57,60,35,44,46,31,20,53,31,5,34,16,14,21,70,114,99,107,113,66,105,89,141,83,81,49,52,103,63,68,82,85,123,100,94,78,88,92,108,84,108,109,90,95,97,85,118,68,64,72,110,136,114,120,90,58,68,72,64,101,88,96,98,85,74,94,91,87,90,127,115,150,138,132,116,127,150,136,160,147,93,57,61,45,61,78,57,107,135,131,128,71,28,82,70,59,70,100,95,101,82,83,99,98,94,91,81,72,101,113,118,151,135,93,113,113,92,78,47,39,41,74,113,110,119,111,106,120,134,119,130,152,163,175,194,167,131,100,126,136,144,180,182,165,157,133,137,146,145,142,114,81,113,101,117,163,159,151,159,165,188,179,173,155,149,145,158,166,168,136,127,145,173,167,161,158,164,164,166,151,149,151,155,150,152,150,138,136,135,114,130,145,149,97,97,110,129,149,178,177,166,172,160,141,131,121,149,133,132,139,139,118,133,130,131,119,123,141,110,128,130,127,132,122,135,143,133,133,55,95,115,101,81,96,109,118,141,145,140,74,58,48,115,143,128,115,112,119,87,99,120,131,111,131,155,175,149,156,186,179,172,162,114,104,84,147,155,196,236,147,130,161,219,176,205,196,194,196,135,192,167,152,110,124,91,122,163,115,112,122,215,244,152,95,132,171,137,142,121,135,63,77,78,111,100,52,53,39,75,50,64,58,41,21,46,46,12,39,82,59,61,69,136,122,63,30,81,70,98,57,18,54,72,76,136,167,138,129,144,157,151,134,145,146,134,112,150,139,112,52,40,51,189,151,166,169,164,166,166,178,171,161,152,137,133,122,113,91,148,181,178,134,145,107,0.2704
ENSG00000001036_amide,156,215,219,147,131,119,88,108,97,35,37,70,100,89,80,108,111,101,113,99,133,157,149,132,117,140,176,158,102,175,164,185,199,203,182,185,184,223,224,224,217,172,148,190,216,203,208,222,208,207,213,207,202,203,198,198,195,181,181,151,134,141,132,169,154,136,103,87,106,143,156,181,228,225,213,205,191,174,137,85,67,93,110,97,83,195,114,1,13,25,24,104,96,149,135,172,162,223,221,216,210,218,210,212,201,210,213,216,189,190,177,182,202,195,209,234,183,137,177,163,179,206,186,164,206,211,228,222,208,201,190,170,209,199,177,82,77,131,148,158,140,154,142,151,187,185,166,158,84,95,163,179,186,189,192,199,179,172,168,167,169,191,201,190,206,202,194,184,143,88,113,113,137,208,189,146,150,158,110,129,160,152,146,112,55,35,102,171,201,211,211,210,204,204,197,194,199,197,197,197,198,196,195,194,196,192,184,186,186,187,187,186,196,199,200,199,198,195,197,195,196,197,198,196,197,196,205,206,212,212,211,209,208,207,206,208,209,205,202,202,208,208,206,206,203,203,202,200,200,200,202,201,201,204,207,210,211,212,212,214,216,211,212,210,210,205,201,207,205,205,203,204,208,208,206,210,211,208,207,207,204,193,192,194,197,196,197,198,203,206,207,208,211,209,208,205,206,202,206,209,206,201,195,194,201,204,201,204,208,201,198,195,198,189,169,181,180,173,161,145,144,154,146,129,147,162,148,153,146,130,100,74,86,112,99,96,104,117,129,93,97,137,143,141,141,150,111,80,149,128,136,132,122,159,167,135,128,124,137,148,150,160,142,90,70,53,63,89,87,107,129,97,89,108,94,95,88,152,132,117,122,93,179,155,96,124,101,79,103,101,87,68,146,142,69,84,86,135,115,147,136,165,153,135,103,134,111,95,70,51,58,74,43,41,73,57,100,111,112,102,110,134,132,118,119,115,109,113,106,118,100,85,37,118,96,66,120,103,75,64,114,133,115,114,94,75,108,143,158,99,60,57,40,41,47,57,66,73,129,147,78,48,69,69,53,45,61,79,33,45,42,45,90,74,104,87,114,114,92,65,99,72,82,103,82,142,148,124,115,87,93,107,86,80,85,116,93,111,111,110,77,99,118,74,75,79,91,88,108,113,135,158,127,158,181,164,122,98,53,120,121,87,72,65,29,61,96,129,124,97,106,80,97,116,111,147,143,178,171,157,148,128,135,153,143,142,146,166,166,199,209,198,175,176,178,160,167,157,159,162,169,154,123,76,116,148,156,167,156,167,171,164,168,180,173,161,112,73,70,57,115,191,180,175,173,164,173,173,175,158,144,139,161,175,184,175,170,173,174,177,167,172,188,191,193,157,171,186,195,183,190,190,166,159,193,147,187,216,184,179,171,184,195,195,199,197,151,131,150,152,163,177,181,162,181,193,181,177,196,188,183,191,191,199,177,198,203,195,199,201,210,214,199,190,132,154,156,161,153,166,165,162,160,165,161,110,65,58,137,162,128,124,100,111,111,124,67,86,86,134,115,139,86,74,96,97,117,124,46,68,42,87,98,107,139,98,138,107,92,108,153,128,94,93,84,136,124,92,56,66,100,134,148,130,80,85,110,159,106,80,118,161,106,130,117,166,115,112,145,157,137,78,72,66,85,81,89,89,93,61,74,38,67,98,59,60,126,90,193,162,88,41,73,89,118,106,63,80,88,109,122,141,148,158,157,149,156,152,150,140,161,135,118,131,90,77,126,137,197,138,160,160,152,167,164,167,167,160,151,118,112,125,148,123,156,131,118,93,133,111,0.0422
ENSG00000001084_amide,134,116,112,86,98,105,97,122,111,68,49,36,48,61,50,48,109,100,127,100,145,93,102,93,136,133,129,120,74,143,136,154,178,187,177,179,193,190,186,206,198,167,148,175,223,214,222,223,212,222,219,209,204,207,205,195,193,192,190,177,177,196,189,148,139,148,173,160,162,188,198,201,200,195,185,193,186,181,132,51,77,77,82,85,102,149,85,45,54,46,61,143,123,163,150,180,167,207,212,208,190,197,196,189,160,164,162,136,175,160,146,192,206,181,191,220,158,108,157,137,159,198,186,143,174,184,198,203,196,200,183,155,182,164,186,183,129,168,181,168,160,192,210,204,200,211,191,167,82,86,171,189,188,193,182,169,177,175,178,181,187,197,204,194,202,189,179,189,149,118,136,105,126,156,136,149,137,130,100,155,153,115,158,195,178,89,92,151,185,214,209,210,210,207,200,199,205,205,203,199,202,198,200,203,204,197,193,196,197,201,198,191,201,202,203,202,201,201,200,196,197,201,205,203,204,200,206,210,212,211,211,211,208,209,210,213,205,209,206,209,211,213,206,207,207,208,207,204,204,204,205,201,201,206,208,210,209,210,208,209,210,203,205,208,211,205,208,209,209,210,209,208,210,209,208,208,208,202,209,213,212,206,195,196,198,199,202,206,206,207,207,214,216,206,204,206,209,206,210,209,209,208,202,202,208,208,205,205,214,206,212,215,217,205,174,192,187,178,177,166,168,171,163,151,162,154,129,122,123,111,74,82,110,107,58,85,107,71,96,101,118,167,156,141,142,143,130,92,99,142,121,114,103,113,122,133,101,85,81,140,149,132,96,60,81,79,146,124,102,123,87,67,83,90,36,49,69,145,112,105,108,101,124,144,101,109,88,62,116,101,66,64,160,178,140,104,94,115,130,131,108,70,91,103,70,107,87,77,83,82,91,78,43,29,48,53,60,49,64,81,84,116,126,91,91,88,79,78,49,63,60,72,29,80,79,41,70,75,85,45,91,75,104,124,101,86,85,96,133,68,37,33,21,36,20,29,42,58,114,103,98,65,50,57,67,41,48,55,44,49,54,82,42,51,61,53,85,90,65,67,49,48,52,67,68,105,122,106,93,72,85,89,72,70,79,104,85,102,96,104,71,98,113,79,98,95,112,46,69,109,118,122,90,141,169,136,105,75,37,89,91,78,97,108,62,85,115,142,130,93,83,76,95,115,126,129,125,164,149,161,178,128,103,143,156,172,129,133,120,124,141,130,144,141,148,127,136,142,151,156,182,186,144,88,172,167,173,180,160,166,169,144,152,174,168,159,161,147,159,189,113,194,189,174,179,176,180,172,178,167,167,159,170,175,186,179,150,156,175,173,171,167,177,181,195,193,183,187,198,176,198,206,182,182,201,159,149,154,140,126,143,150,173,183,161,127,158,146,153,143,158,166,182,159,166,192,174,173,179,185,194,186,179,183,163,169,172,165,170,175,183,172,166,183,145,148,110,115,107,120,135,128,125,132,142,107,59,58,126,160,128,113,106,206,105,67,72,71,85,164,188,149,112,83,106,110,123,79,40,83,63,83,89,115,132,139,124,137,92,95,148,190,168,155,113,145,107,103,107,133,121,102,140,98,72,90,133,149,158,73,105,147,122,131,107,123,86,83,110,131,142,113,45,96,140,143,109,58,114,80,119,102,125,75,70,64,105,74,109,158,131,84,129,94,101,86,123,80,118,98,123,148,145,153,139,138,144,126,127,128,153,139,126,147,95,42,93,101,192,150,166,165,159,177,169,181,198,187,183,124,115,129,135,69,71,94,96,79,109,89,-0.2046
ENSG00000001167_amide,150,174,149,124,147,132,81,111,97,94,61,53,59,113,100,117,125,130,121,87,123,112,116,77,62,66,80,78,55,82,62,62,82,104,89,103,100,131,129,145,138,109,96,119,123,109,119,129,133,143,137,132,147,146,140,158,166,141,140,131,125,127,106,121,122,98,94,72,64,76,67,84,93,98,119,138,92,85,55,36,76,39,56,49,79,71,127,117,122,120,107,161,136,147,135,124,105,126,140,144,135,127,107,92,69,70,74,73,73,124,100,84,92,73,73,109,74,59,84,77,90,69,53,50,80,92,128,125,89,124,135,123,105,85,97,52,100,102,85,66,48,81,72,90,83,77,61,55,44,45,69,77,72,76,85,105,112,116,122,122,115,119,130,124,114,120,109,100,61,57,62,45,64,146,157,125,93,64,129,81,99,97,89,75,102,87,66,95,122,131,129,134,134,128,124,119,117,117,119,120,122,122,118,118,120,112,106,107,111,117,120,105,119,122,126,127,125,126,125,124,125,125,124,122,124,122,123,124,123,122,122,122,117,117,114,112,119,127,120,120,123,121,117,124,123,122,122,121,121,119,118,115,113,115,116,121,122,123,122,125,127,128,127,123,129,122,116,116,116,117,117,115,117,119,113,116,120,121,125,131,122,110,112,114,117,118,119,118,116,115,118,118,117,109,105,107,112,115,121,120,119,113,111,114,118,120,120,122,121,116,126,123,118,129,129,117,121,127,128,127,129,119,115,109,113,117,116,119,127,132,112,109,151,166,113,114,117,59,39,60,48,68,78,85,83,93,95,70,38,81,35,46,52,67,73,58,50,72,58,75,42,46,40,112,82,65,113,142,131,112,72,119,141,134,100,74,79,74,99,84,79,85,147,53,39,48,84,54,112,115,173,145,166,128,94,90,95,145,108,98,122,141,163,144,95,66,85,124,88,100,102,114,101,89,79,90,87,80,60,48,60,45,92,65,48,34,37,40,29,8,43,49,77,61,16,43,84,50,76,89,100,155,163,151,167,126,100,64,154,140,112,91,55,59,80,86,88,84,131,140,120,98,106,103,108,96,115,107,93,104,99,68,78,70,68,83,127,113,101,97,87,37,66,61,119,111,98,120,133,113,75,108,113,120,115,146,132,133,128,124,118,134,140,89,101,81,79,68,57,46,41,50,21,45,63,78,74,70,28,76,68,96,108,95,68,93,125,156,160,167,169,104,124,98,90,61,86,117,125,118,118,100,94,102,112,94,99,107,108,138,163,156,157,149,119,131,153,148,149,154,175,163,154,120,184,161,160,172,162,158,160,153,146,142,132,134,108,110,129,80,124,150,131,135,162,163,162,167,179,179,187,183,179,178,193,166,157,172,192,179,175,164,163,163,174,170,163,169,171,158,169,168,151,158,164,119,157,156,116,118,143,153,132,124,115,150,156,185,167,145,117,132,155,141,140,144,156,136,154,157,143,136,147,154,129,137,142,143,134,125,162,154,157,162,137,137,66,81,86,91,106,119,155,146,111,69,57,50,129,154,150,134,135,154,148,163,134,175,125,142,135,177,144,121,163,157,172,180,89,161,119,168,127,154,178,160,153,163,106,108,131,114,124,127,111,149,120,138,103,75,131,138,92,108,140,125,152,106,88,54,96,146,118,124,90,128,69,63,94,99,73,38,25,35,82,92,57,27,41,63,75,32,95,82,48,60,115,117,178,158,103,56,64,66,96,115,94,120,120,119,149,174,163,159,176,169,168,159,161,163,159,125,122,140,93,23,87,102,185,155,172,173,170,171,173,173,163,171,155,131,134,154,155,113,118,141,129,111,156,116,0.2388
ENSG00000001460_amide,114,133,124,112,136,120,103,104,102,46,41,10,96,83,50,73,103,101,128,97,138,105,95,28,69,79,64,94,58,95,105,116,103,100,92,100,112,116,125,126,124,106,110,129,158,171,174,162,163,168,154,141,151,158,136,125,133,132,109,103,104,140,108,118,126,110,109,111,100,102,102,128,135,110,121,119,87,58,42,51,50,53,62,55,32,68,118,111,105,108,99,128,113,124,128,150,141,121,126,124,95,66,85,109,105,107,98,83,82,66,73,103,100,77,96,114,69,53,71,68,88,90,82,90,94,96,120,110,99,105,103,56,63,81,99,94,81,103,103,146,153,137,148,140,155,159,128,107,65,94,169,188,161,159,158,174,159,165,157,162,163,169,178,174,184,179,166,163,153,148,127,106,101,120,104,91,79,116,140,111,100,112,133,88,60,89,124,159,172,188,182,182,182,181,182,174,174,173,174,172,172,171,168,170,172,165,158,163,164,169,172,157,169,172,175,176,175,177,177,170,172,174,174,174,175,176,173,169,167,171,174,174,177,176,170,168,169,171,164,169,168,168,163,163,169,170,169,168,168,167,166,162,160,164,164,165,166,167,165,169,169,163,165,164,161,161,167,166,165,167,168,166,167,171,167,164,170,174,176,174,171,164,166,167,167,169,169,168,169,167,162,166,163,164,164,156,160,153,165,171,171,170,169,169,173,180,180,183,181,182,182,181,179,174,159,162,164,160,163,156,156,157,147,142,157,156,140,134,150,130,108,127,158,124,102,103,88,57,100,118,104,153,175,183,173,166,167,134,107,89,93,93,117,130,142,128,125,117,81,120,115,93,87,58,81,146,161,98,142,84,70,93,114,132,39,36,84,115,93,79,77,58,100,57,55,105,110,56,80,122,88,75,137,141,122,63,29,25,63,61,82,49,84,76,45,25,64,85,89,91,98,84,59,43,42,10,30,48,76,61,45,47,64,47,53,48,31,30,28,32,27,32,56,65,15,52,99,25,42,51,88,107,99,108,118,118,83,88,122,52,46,38,20,47,33,24,40,28,111,68,49,41,29,32,33,22,31,33,33,66,79,51,45,48,72,58,97,96,80,80,68,46,63,45,89,41,53,68,56,49,32,33,35,38,48,50,31,58,56,79,63,43,57,57,59,54,58,51,47,35,55,67,48,74,87,70,52,51,15,54,60,92,92,97,128,123,89,97,108,113,112,58,70,67,59,58,104,137,113,79,98,118,102,109,90,81,63,57,66,72,75,66,66,71,66,91,109,102,102,104,127,113,92,74,120,99,85,104,108,104,105,88,83,79,70,68,61,91,111,127,73,122,140,101,105,105,108,96,88,84,93,87,102,110,122,91,81,82,97,97,95,93,89,104,111,108,105,106,104,89,103,113,102,110,110,92,80,83,80,79,73,86,72,80,77,111,105,143,144,110,106,80,115,114,115,115,102,86,98,93,86,83,90,99,79,84,92,94,74,78,88,88,94,118,62,64,52,48,42,38,49,78,105,96,77,63,70,70,118,93,82,117,99,105,79,67,57,101,60,114,132,143,119,99,121,131,132,113,72,94,83,111,107,102,107,98,88,92,62,82,108,99,98,122,80,109,105,139,90,81,95,133,153,135,124,131,149,81,98,45,97,107,80,96,94,72,32,42,77,87,79,49,35,28,52,46,31,43,46,39,100,70,45,105,150,114,97,78,39,57,105,34,58,82,113,95,131,101,83,72,88,80,83,81,99,110,93,76,86,98,89,67,57,63,13,81,78,75,118,62,101,102,95,102,105,102,89,104,105,96,95,117,139,60,42,68,39,55,62,51,-0.1407
ENSG00000001461_amide,73,104,109,112,130,103,81,94,83,51,52,46,90,85,45,53,42,43,56,47,60,68,80,39,76,80,61,45,50,96,97,88,88,94,86,91,109,137,157,137,139,105,147,140,145,135,146,142,130,135,139,131,134,139,127,133,134,131,110,115,126,117,82,92,88,82,124,115,71,50,59,60,81,101,109,116,74,57,29,45,51,48,51,30,62,55,105,95,88,92,82,127,110,138,133,134,116,132,135,129,105,74,79,101,100,95,90,60,75,69,57,68,90,65,88,130,83,72,104,95,106,88,73,66,83,85,109,106,86,96,92,62,37,46,47,48,54,80,93,114,99,110,129,127,119,115,105,92,48,75,101,125,114,120,123,140,134,140,140,133,132,144,156,151,154,151,139,138,94,77,70,85,73,100,95,84,114,126,133,115,113,86,98,34,46,35,73,129,145,154,157,158,149,153,156,148,148,149,151,152,154,153,156,155,154,147,144,149,151,152,152,146,153,155,158,157,156,156,154,152,152,154,154,153,152,149,152,155,155,154,152,150,151,149,149,151,149,149,142,145,150,149,143,150,151,152,153,155,153,152,151,150,149,147,146,147,148,151,150,152,151,150,151,151,147,146,148,147,147,148,149,148,147,150,147,149,150,149,158,156,152,147,146,149,151,154,153,151,149,149,147,145,138,137,137,135,138,138,149,150,149,149,149,153,155,155,151,154,153,152,153,152,151,158,150,157,147,131,133,126,127,129,126,127,125,124,116,115,121,132,120,131,116,97,34,89,91,83,118,124,111,135,140,148,157,161,134,105,142,76,113,111,95,103,127,131,125,105,91,42,86,81,57,33,52,30,60,70,85,35,31,77,105,139,88,54,61,96,83,69,70,60,96,83,76,65,50,37,93,96,78,80,101,81,71,59,70,48,94,111,130,70,31,50,39,62,74,41,21,45,51,91,57,39,22,38,35,38,61,51,33,34,33,75,67,61,56,56,29,31,40,38,27,34,31,26,58,32,47,36,100,115,76,66,48,52,63,77,112,141,74,53,16,72,54,25,23,29,117,71,43,42,42,48,58,31,29,40,29,38,28,49,58,46,83,45,69,72,64,50,50,32,27,25,95,48,64,68,66,66,58,45,32,51,53,51,34,46,65,68,39,41,69,47,32,37,43,34,23,80,88,84,70,89,98,88,79,43,26,67,48,83,77,65,35,45,87,105,103,77,70,65,75,50,79,56,66,98,97,78,73,54,100,66,50,38,41,49,71,107,99,92,82,83,75,93,133,108,83,94,127,116,88,75,120,105,85,106,105,88,91,102,88,90,93,95,91,123,70,54,53,138,147,100,114,116,116,104,91,84,90,85,104,132,123,99,98,105,105,86,86,91,76,87,95,92,110,105,111,105,106,101,91,80,89,79,75,74,69,86,90,89,88,125,143,130,115,91,95,87,57,55,90,91,100,97,91,69,83,76,72,68,71,83,58,67,69,69,68,71,74,71,87,112,58,62,47,47,46,53,58,59,69,103,106,57,52,75,114,82,83,102,111,111,98,84,55,132,109,82,100,133,138,139,133,111,113,74,44,61,89,95,94,93,100,96,75,94,54,72,107,112,120,88,104,133,97,77,84,104,76,98,112,107,101,137,120,114,75,9,78,120,85,88,58,79,42,40,21,62,53,13,19,51,79,66,59,59,40,21,33,42,43,83,33,27,70,49,94,46,113,82,58,61,71,67,56,46,77,59,94,113,121,86,78,98,67,38,49,59,64,40,39,66,34,71,103,87,147,81,116,111,108,112,112,127,141,110,97,76,74,93,96,65,76,132,76,61,73,45,-0.143
ENSG00000001497_amide,113,118,120,127,150,135,104,138,112,89,81,49,36,66,89,43,52,45,66,91,115,69,106,57,75,103,85,49,62,82,70,80,67,73,69,80,92,127,140,131,145,118,154,134,131,123,136,134,128,135,132,126,140,142,123,116,135,134,116,114,120,128,104,118,124,102,111,98,78,84,63,60,89,107,93,94,58,43,54,45,39,9,14,22,65,59,103,118,111,103,107,129,136,139,140,153,149,137,136,135,109,87,67,77,79,97,90,79,55,19,24,49,55,43,86,113,79,68,87,87,89,55,57,63,72,72,112,93,25,76,88,77,57,55,52,33,47,55,74,91,76,104,121,154,155,149,129,101,55,66,97,129,136,139,137,148,142,146,140,139,147,167,172,166,172,166,154,147,105,57,114,118,108,144,114,94,89,116,138,70,84,89,124,153,135,103,107,113,146,169,175,177,169,169,169,162,163,161,162,158,161,165,167,167,168,161,156,159,158,162,166,158,171,172,172,173,172,171,170,169,169,168,166,165,169,171,163,164,163,162,159,158,163,162,161,162,154,154,149,148,153,162,160,161,163,166,166,166,165,164,163,163,162,159,158,160,162,163,162,159,158,158,159,161,162,160,157,160,158,159,160,160,160,163,159,158,158,158,163,168,167,162,158,160,163,164,163,163,162,162,160,160,157,153,155,151,155,151,161,163,163,162,161,161,160,164,161,161,161,165,165,164,162,161,153,151,154,149,142,139,140,146,140,136,131,137,140,149,141,129,101,101,115,119,131,111,98,74,98,115,90,117,140,134,108,116,111,109,102,133,108,98,72,78,68,71,60,61,52,65,70,81,77,102,136,114,82,86,131,69,89,100,130,93,77,41,56,41,69,60,43,43,106,92,58,29,27,25,62,136,49,41,100,97,59,51,45,131,90,83,91,55,58,56,35,45,37,50,56,43,42,75,57,49,46,47,28,27,50,48,49,58,37,55,52,48,57,66,51,54,50,26,23,41,48,10,27,51,62,59,80,42,71,86,81,59,87,113,117,73,52,38,28,22,15,24,40,40,99,78,46,36,42,46,54,26,28,25,19,17,10,36,84,38,63,63,104,94,98,70,72,39,38,50,115,45,46,60,60,44,42,45,24,55,42,58,58,70,67,73,51,63,102,67,62,45,67,30,19,54,76,72,54,81,90,97,101,61,44,65,33,77,69,50,36,54,92,116,109,85,84,92,90,67,45,65,90,114,93,103,117,114,94,97,76,41,34,51,67,67,59,50,55,60,71,71,95,92,111,130,112,96,91,94,66,83,83,102,109,111,99,77,76,91,86,63,68,107,91,34,68,105,105,76,83,116,116,101,88,77,79,76,99,107,114,88,85,89,89,81,83,88,80,85,96,101,106,107,107,118,108,104,106,106,92,69,47,58,70,49,57,58,61,73,88,91,90,90,76,61,51,26,80,89,86,98,82,62,85,68,71,61,70,81,51,72,93,92,77,76,80,79,100,128,80,64,43,45,37,47,58,71,81,85,93,64,56,58,92,131,112,89,93,78,37,71,55,72,53,86,70,108,95,83,106,104,107,93,51,88,84,103,98,92,86,49,54,63,59,88,137,128,133,114,90,127,97,124,103,121,100,124,160,175,120,124,117,115,85,45,95,129,83,83,65,92,43,51,77,83,38,30,38,56,108,61,72,83,18,46,40,21,33,40,71,72,122,111,182,162,97,35,66,76,111,119,117,96,110,68,87,113,102,94,79,84,81,52,51,68,62,45,56,60,29,67,82,78,138,72,102,103,99,111,112,113,105,97,84,51,55,78,142,73,52,45,48,45,70,55,0.0423
